article_id,filename,folder,title,sample_index,total_samples,sample_name,file_match,sample_type,co_precursor,dopant_element,synthesis_method,temperature_C,heating_rate_C_min,duration_bin,atmosphere,pre_treatment,post_treatment,defect_type,defect_formation_method,special_notes,precursor_family,calcination_temperature_bin,atmosphere_class,primary_route,defect_introduction_mode,dopant_class,morphology_form,drs_instrument,general_notes,extraction_status,error_message
cdefects/cdefects_003.pdf,cdefects_003.pdf,cdefects,Ultrathin g-C3N4 with enriched surface carbon vacancies enables highly efficient photocatalytic nitrogen fixation,1,2,bulk g-C3N4,bulk-g-c3n4,reference,none,none,thermal_polymerization,600.0,,4_8h,unknown,none,none,none,none,none,cyanamide,gt600,unknown,direct_thermal,none_or_baseline,none,bulk,"Shimadzu, UV-2450",The synthesis involves thermal polymerization of dicyandiamide with a two-step calcination process for defect introduction.,success,
cdefects/cdefects_003.pdf,cdefects_003.pdf,cdefects,Ultrathin g-C3N4 with enriched surface carbon vacancies enables highly efficient photocatalytic nitrogen fixation,2,2,g-C3N4-V,g-c3n4-v,defective,none,none,thermal_polymerization,530.0,5.0,4_8h,unknown,none,none,carbon vacancies,two_step_overcalcination,none,cyanamide,520_560,unknown,direct_thermal,two_step_overcalcination,none,porous_holey,"Shimadzu, UV-2450",The synthesis involves thermal polymerization of dicyandiamide with a two-step calcination process for defect introduction.,success,
cdefects/cdefects_004.pdf,cdefects_004.pdf,cdefects,Carbon vacancies improved photocatalytic hydrogen generation of g-C3N4 photocatalyst via magnesium vapor etching,1,2,pristine g-C3N4,,reference,none,none,thermal_polymerization,550.0,,gt8h,unknown,none,none,none,none,Synthesized by conventional polycondensation of urea.,urea,520_560,unknown,direct_thermal,none_or_baseline,none,bulk,"TU-1901, China",The study focuses on enhancing photocatalytic H2 generation by introducing carbon vacancies in g-C3N4 using magnesium vapor etching.,success,
cdefects/cdefects_004.pdf,cdefects_004.pdf,cdefects,Carbon vacancies improved photocatalytic hydrogen generation of g-C3N4 photocatalyst via magnesium vapor etching,2,2,Vc-g-C3N4,v-g-c3n4,defective,magnesium,none,other,675.0,10.0,lt2h,unknown,none,washed with 0.5 M HCl and ethanol,carbon vacancies,chemical_vapor_etching,Carbon vacancies introduced via magnesium vapor etching.,urea,gt600,unknown,direct_thermal,chemical_vapor_etching,none,nanosheets_ultrathin,"TU-1901, China",The study focuses on enhancing photocatalytic H2 generation by introducing carbon vacancies in g-C3N4 using magnesium vapor etching.,success,
cdefects/cdefects_007.pdf,cdefects_007.pdf,cdefects,Preparation of S-doped g-C3N4 with C vacancies using the desulfurized waste liquid extracting salt and its application for NOx removal,1,8,CN-D,,reference,none,none,thermal_polymerization,550.0,3.0,4_8h,Ar,none,none,none,none,none,cyanamide,520_560,inert,direct_thermal,none_or_baseline,none,bulk,U-3900 UV–vis spectrophotometer,The synthesis involves thermal polymerization of various precursors with sulfur doping and carbon vacancies introduced through the use of ammonium thiocyanate and other sulfur-containing compounds.,success,
cdefects/cdefects_007.pdf,cdefects_007.pdf,cdefects,Preparation of S-doped g-C3N4 with C vacancies using the desulfurized waste liquid extracting salt and its application for NOx removal,2,8,CN-T,,reference,none,none,thermal_polymerization,550.0,3.0,4_8h,Ar,none,none,none,none,none,thiourea,520_560,inert,direct_thermal,none_or_baseline,none,bulk,U-3900 UV–vis spectrophotometer,The synthesis involves thermal polymerization of various precursors with sulfur doping and carbon vacancies introduced through the use of ammonium thiocyanate and other sulfur-containing compounds.,success,
cdefects/cdefects_007.pdf,cdefects_007.pdf,cdefects,Preparation of S-doped g-C3N4 with C vacancies using the desulfurized waste liquid extracting salt and its application for NOx removal,3,8,CN-M,,reference,none,none,thermal_polymerization,550.0,3.0,4_8h,Ar,none,none,none,none,none,melamine,520_560,inert,direct_thermal,none_or_baseline,none,bulk,U-3900 UV–vis spectrophotometer,The synthesis involves thermal polymerization of various precursors with sulfur doping and carbon vacancies introduced through the use of ammonium thiocyanate and other sulfur-containing compounds.,success,
cdefects/cdefects_007.pdf,cdefects_007.pdf,cdefects,Preparation of S-doped g-C3N4 with C vacancies using the desulfurized waste liquid extracting salt and its application for NOx removal,4,8,CN-AT,cn-at,doped,none,S,thermal_polymerization,550.0,3.0,4_8h,Ar,none,none,C vacancies,dopant_induced,none,cyanamide,520_560,inert,direct_thermal,dopant_induced,nonmetal,bulk,U-3900 UV–vis spectrophotometer,The synthesis involves thermal polymerization of various precursors with sulfur doping and carbon vacancies introduced through the use of ammonium thiocyanate and other sulfur-containing compounds.,success,
cdefects/cdefects_007.pdf,cdefects_007.pdf,cdefects,Preparation of S-doped g-C3N4 with C vacancies using the desulfurized waste liquid extracting salt and its application for NOx removal,5,8,CN-ATAS,cn-atas,doped,ammonium sulfate,S,thermal_polymerization,550.0,3.0,4_8h,Ar,none,none,C vacancies,dopant_induced,none,cyanamide,520_560,inert,direct_thermal,dopant_induced,nonmetal,bulk,U-3900 UV–vis spectrophotometer,The synthesis involves thermal polymerization of various precursors with sulfur doping and carbon vacancies introduced through the use of ammonium thiocyanate and other sulfur-containing compounds.,success,
cdefects/cdefects_007.pdf,cdefects_007.pdf,cdefects,Preparation of S-doped g-C3N4 with C vacancies using the desulfurized waste liquid extracting salt and its application for NOx removal,6,8,CN-MIX-1,cn-mix1,doped,ammonium thiosulfate,S,thermal_polymerization,550.0,3.0,4_8h,Ar,none,none,C vacancies,dopant_induced,none,cyanamide,520_560,inert,direct_thermal,dopant_induced,nonmetal,bulk,U-3900 UV–vis spectrophotometer,The synthesis involves thermal polymerization of various precursors with sulfur doping and carbon vacancies introduced through the use of ammonium thiocyanate and other sulfur-containing compounds.,success,
cdefects/cdefects_007.pdf,cdefects_007.pdf,cdefects,Preparation of S-doped g-C3N4 with C vacancies using the desulfurized waste liquid extracting salt and its application for NOx removal,7,8,CN-MIX-3,cn-mix3,doped,ammonium thiosulfate,S,thermal_polymerization,550.0,3.0,4_8h,Ar,none,none,C vacancies,dopant_induced,none,cyanamide,520_560,inert,direct_thermal,dopant_induced,nonmetal,bulk,U-3900 UV–vis spectrophotometer,The synthesis involves thermal polymerization of various precursors with sulfur doping and carbon vacancies introduced through the use of ammonium thiocyanate and other sulfur-containing compounds.,success,
cdefects/cdefects_007.pdf,cdefects_007.pdf,cdefects,Preparation of S-doped g-C3N4 with C vacancies using the desulfurized waste liquid extracting salt and its application for NOx removal,8,8,CN-MIX-5,cn-mix5,doped,ammonium thiosulfate,S,thermal_polymerization,550.0,3.0,4_8h,Ar,none,none,C vacancies,dopant_induced,none,cyanamide,520_560,inert,direct_thermal,dopant_induced,nonmetal,bulk,U-3900 UV–vis spectrophotometer,The synthesis involves thermal polymerization of various precursors with sulfur doping and carbon vacancies introduced through the use of ammonium thiocyanate and other sulfur-containing compounds.,success,
cdefects/cdefects_010.pdf,cdefects_010.pdf,cdefects,Carbon Vacancy Regulated Photoreduction of NO to N2 over Ultrathin g-C3N4 Nanosheets,1,2,Ns-g-C3N4,ns-g-c3n4,modified,cyanuric acid,none,supramolecular,550.0,,4_8h,air,mixing with ethanol,none,none,none,ultrathin nanosheet structure,melamine,520_560,air,supramolecular_preassembly,none_or_baseline,none,nanosheets_ultrathin,Shimadzu UV-2550,"The study focuses on the synthesis of ultrathin g-C3N4 nanosheets and bulk g-C3N4 using melamine and cyanuric acid as precursors, with a focus on photocatalytic NO reduction.",success,
cdefects/cdefects_010.pdf,cdefects_010.pdf,cdefects,Carbon Vacancy Regulated Photoreduction of NO to N2 over Ultrathin g-C3N4 Nanosheets,2,2,g-C3N4,g-c3n4,reference,none,none,thermal_polymerization,550.0,,4_8h,air,mixing with ethanol,none,none,none,bulk structure,melamine,520_560,air,direct_thermal,none_or_baseline,none,bulk,Shimadzu UV-2550,"The study focuses on the synthesis of ultrathin g-C3N4 nanosheets and bulk g-C3N4 using melamine and cyanuric acid as precursors, with a focus on photocatalytic NO reduction.",success,
cdefects/cdefects_012.pdf,cdefects_012.pdf,cdefects,"Carbon vacancy in C3N4 nanotube: electronic structure, photocatalysis mechanism and highly enhanced activity",1,6,TN 400,,defective,urea,none,thermal_polymerization,400.0,5.0,4_8h,N2,hydrothermal,washing,carbon vacancy,none_or_baseline,none,melamine,lt520,N2,direct_thermal,none_or_baseline,none,tubular,Shimadzu UV-3600,The synthesis involves a hydrothermal pre-treatment followed by calcination under nitrogen atmosphere to introduce carbon vacancies in tubular g-C3N4.,success,
cdefects/cdefects_012.pdf,cdefects_012.pdf,cdefects,"Carbon vacancy in C3N4 nanotube: electronic structure, photocatalysis mechanism and highly enhanced activity",2,6,TN 450,,defective,urea,none,thermal_polymerization,450.0,5.0,4_8h,N2,hydrothermal,washing,carbon vacancy,none_or_baseline,none,melamine,lt520,N2,direct_thermal,none_or_baseline,none,tubular,Shimadzu UV-3600,The synthesis involves a hydrothermal pre-treatment followed by calcination under nitrogen atmosphere to introduce carbon vacancies in tubular g-C3N4.,success,
cdefects/cdefects_012.pdf,cdefects_012.pdf,cdefects,"Carbon vacancy in C3N4 nanotube: electronic structure, photocatalysis mechanism and highly enhanced activity",3,6,TN 500,tn500,defective,urea,none,thermal_polymerization,500.0,5.0,4_8h,N2,hydrothermal,washing,carbon vacancy,none_or_baseline,none,melamine,lt520,N2,direct_thermal,none_or_baseline,none,tubular,Shimadzu UV-3600,The synthesis involves a hydrothermal pre-treatment followed by calcination under nitrogen atmosphere to introduce carbon vacancies in tubular g-C3N4.,success,
cdefects/cdefects_012.pdf,cdefects_012.pdf,cdefects,"Carbon vacancy in C3N4 nanotube: electronic structure, photocatalysis mechanism and highly enhanced activity",4,6,TN 550,,defective,urea,none,thermal_polymerization,550.0,5.0,4_8h,N2,hydrothermal,washing,carbon vacancy,none_or_baseline,none,melamine,520_560,N2,direct_thermal,none_or_baseline,none,tubular,Shimadzu UV-3600,The synthesis involves a hydrothermal pre-treatment followed by calcination under nitrogen atmosphere to introduce carbon vacancies in tubular g-C3N4.,success,
cdefects/cdefects_012.pdf,cdefects_012.pdf,cdefects,"Carbon vacancy in C3N4 nanotube: electronic structure, photocatalysis mechanism and highly enhanced activity",5,6,TN 600,,defective,urea,none,thermal_polymerization,600.0,5.0,4_8h,N2,hydrothermal,washing,carbon vacancy,none_or_baseline,none,melamine,gt600,N2,direct_thermal,none_or_baseline,none,tubular,Shimadzu UV-3600,The synthesis involves a hydrothermal pre-treatment followed by calcination under nitrogen atmosphere to introduce carbon vacancies in tubular g-C3N4.,success,
cdefects/cdefects_012.pdf,cdefects_012.pdf,cdefects,"Carbon vacancy in C3N4 nanotube: electronic structure, photocatalysis mechanism and highly enhanced activity",6,6,T 500,t500,reference,urea,none,thermal_polymerization,500.0,,4_8h,air,hydrothermal,washing,none,none_or_baseline,none,melamine,lt520,air,direct_thermal,none_or_baseline,none,bulk,Shimadzu UV-3600,The synthesis involves a hydrothermal pre-treatment followed by calcination under nitrogen atmosphere to introduce carbon vacancies in tubular g-C3N4.,success,
cdefects/cdefects_013.pdf,cdefects_013.pdf,cdefects,Robust Photocatalytic H2O2 Production over Inverse Opal g-C3N4 with Carbon Vacancy under Visible Light,1,4,IO CN-Cv,,defective,SiO2 PCs,none,thermal_polymerization,550.0,,4_8h,Ar,none,etching,carbon vacancy,chemical_vapor_etching,Inverse opal structure formed using silica template,cyanamide,520_560,inert,template_assisted,chemical_vapor_etching,none,3d_macroporous,unknown,The study focuses on the synthesis of g-C3N4 with carbon vacancies using silica templates and thermal polymerization methods.,success,
cdefects/cdefects_013.pdf,cdefects_013.pdf,cdefects,Robust Photocatalytic H2O2 Production over Inverse Opal g-C3N4 with Carbon Vacancy under Visible Light,2,4,Bulk CN,bulk-cn,reference,none,none,thermal_polymerization,550.0,,4_8h,air,none,none,none,none,Standard bulk g-C3N4,cyanamide,520_560,air,direct_thermal,none_or_baseline,none,bulk,unknown,The study focuses on the synthesis of g-C3N4 with carbon vacancies using silica templates and thermal polymerization methods.,success,
cdefects/cdefects_013.pdf,cdefects_013.pdf,cdefects,Robust Photocatalytic H2O2 Production over Inverse Opal g-C3N4 with Carbon Vacancy under Visible Light,3,4,Bulk CN-Cv,bulk-cvcn,defective,none,none,thermal_polymerization,550.0,,4_8h,Ar,none,none,carbon vacancy,chemical_vapor_etching,Bulk g-C3N4 with carbon vacancies,cyanamide,520_560,inert,direct_thermal,chemical_vapor_etching,none,bulk,unknown,The study focuses on the synthesis of g-C3N4 with carbon vacancies using silica templates and thermal polymerization methods.,success,
cdefects/cdefects_013.pdf,cdefects_013.pdf,cdefects,Robust Photocatalytic H2O2 Production over Inverse Opal g-C3N4 with Carbon Vacancy under Visible Light,4,4,Nanosheet CN,,modified,none,none,thermal_polymerization,500.0,,2_4h,unknown,none,none,none,none,Exfoliated to form nanosheets,cyanamide,lt520,unknown,direct_thermal,none_or_baseline,none,nanosheets_ultrathin,unknown,The study focuses on the synthesis of g-C3N4 with carbon vacancies using silica templates and thermal polymerization methods.,success,
cdefects/cdefects_014.pdf,cdefects_014.pdf,cdefects,H2+CO2 Synergistic Plasma Positioning Carboxyl Defects in g-C3N4 with Engineered Electronic Structure and Active Sites for Efficient Photocatalytic H2 Evolution,1,2,g-C3N4,g-c3n4,reference,none,none,thermal_polymerization,560.0,5.0,4_8h,unknown,none,none,none,none,none,urea,560_600,unknown,direct_thermal,none_or_baseline,none,bulk,unknown,The study involves plasma treatment to introduce carboxyl defects in g-C3N4 for enhanced photocatalytic activity.,success,
cdefects/cdefects_014.pdf,cdefects_014.pdf,cdefects,H2+CO2 Synergistic Plasma Positioning Carboxyl Defects in g-C3N4 with Engineered Electronic Structure and Active Sites for Efficient Photocatalytic H2 Evolution,2,2,H2+CO2-pCN,h2-co2-pcn,defective,none,none,other,,,lt2h,unknown,none,plasma treatment,carboxyl defects,gas_assisted_etching,Plasma treatment with H2 and CO2,urea,560_600,unknown,direct_thermal,gas_assisted_etching,none,bulk,unknown,The study involves plasma treatment to introduce carboxyl defects in g-C3N4 for enhanced photocatalytic activity.,success,
cdefects/cdefects_015.pdf,cdefects_015.pdf,cdefects,,1,3,0.05 OA-CN,,modified,oxyacetic acid,none,thermal_polymerization,540.0,3.0,lt2h,unknown,grinding,none,C-defective,none,Ultrathin porous structure,urea,520_560,unknown,direct_thermal,none_or_baseline,none,porous_holey,unknown,Synthesis involves thermal polymerization of urea with additives to create C-defective and porous g-C3N4.,success,
cdefects/cdefects_015.pdf,cdefects_015.pdf,cdefects,,2,3,UN-CN,un-cn,defective,urea nitrate,none,thermal_polymerization,540.0,3.0,lt2h,unknown,grinding,none,C-defective,none,none,urea,520_560,unknown,direct_thermal,none_or_baseline,none,bulk,unknown,Synthesis involves thermal polymerization of urea with additives to create C-defective and porous g-C3N4.,success,
cdefects/cdefects_015.pdf,cdefects_015.pdf,cdefects,,3,3,0.05 OA-UN-CN,,modified,oxyacetic acid,none,thermal_polymerization,540.0,3.0,lt2h,unknown,grinding,none,C-defective,none,none,urea,520_560,unknown,direct_thermal,none_or_baseline,none,porous_holey,unknown,Synthesis involves thermal polymerization of urea with additives to create C-defective and porous g-C3N4.,success,
cdefects/cdefects_016.pdf,cdefects_016.pdf,cdefects,,1,4,S-PDCN-x,,doped,cyanuric acid,S,thermal_polymerization,550.0,5.0,4_8h,unknown,none,none,C-deficient,dopant_induced,S-doped C-deficient honeycomb nanoflake,melamine,520_560,unknown,direct_thermal,dopant_induced,nonmetal,porous_holey,unknown,"The synthesis involves thermal polycondensation of melamine and cyanuric acid, with thiourea used for S-doping.",success,
cdefects/cdefects_016.pdf,cdefects_016.pdf,cdefects,,2,4,PDCN,pdcn,reference,cyanuric acid,none,thermal_polymerization,550.0,5.0,4_8h,unknown,none,none,none,none_or_baseline,Prepared under the same conditions as S-PDCN-x without thiourea,melamine,520_560,unknown,direct_thermal,none_or_baseline,none,bulk,unknown,"The synthesis involves thermal polycondensation of melamine and cyanuric acid, with thiourea used for S-doping.",success,
cdefects/cdefects_016.pdf,cdefects_016.pdf,cdefects,,3,4,S-CN,s-cn,doped,none,S,thermal_polymerization,550.0,5.0,4_8h,unknown,none,none,none,dopant_induced,Prepared with 3 wt% thiourea,melamine,520_560,unknown,direct_thermal,dopant_induced,nonmetal,bulk,unknown,"The synthesis involves thermal polycondensation of melamine and cyanuric acid, with thiourea used for S-doping.",success,
cdefects/cdefects_016.pdf,cdefects_016.pdf,cdefects,,4,4,BCN,bcn,reference,none,none,thermal_polymerization,550.0,5.0,4_8h,unknown,none,none,none,none_or_baseline,Bulk phase g-C3N4 photocatalyst,melamine,520_560,unknown,direct_thermal,none_or_baseline,none,bulk,unknown,"The synthesis involves thermal polycondensation of melamine and cyanuric acid, with thiourea used for S-doping.",success,
cyanodefects/cyanodefects_004.pdf,cyanodefects_004.pdf,cyanodefects,Metal-ion-assisted construction of cyano group defects in g-C3N4 to simultaneously degrade wastewater and produce hydrogen,1,4,g-C3N4,,reference,none,none,thermal_polymerization,600.0,5.0,4_8h,unknown,none,none,none,none,Prepared by direct calcination of melamine without BaCl2.,melamine,gt600,unknown,direct_thermal,none_or_baseline,none,bulk,"Shimadzu, Japan",The study involves the synthesis of Ba2+ doped g-C3N4 with cyano group defects for enhanced photocatalytic activity in hydrogen production and wastewater degradation.,success,
cyanodefects/cyanodefects_004.pdf,cyanodefects_004.pdf,cyanodefects,Metal-ion-assisted construction of cyano group defects in g-C3N4 to simultaneously degrade wastewater and produce hydrogen,2,4,5%-BaCN-C3N4,5bacn-c3n4,doped,BaCl2,Ba,thermal_polymerization,600.0,5.0,4_8h,unknown,sonication,washing,cyano group defects,dopant_induced,Ba2+ doping to construct cyano group defects.,melamine,gt600,unknown,direct_thermal,dopant_induced,metal,bulk,"Shimadzu, Japan",The study involves the synthesis of Ba2+ doped g-C3N4 with cyano group defects for enhanced photocatalytic activity in hydrogen production and wastewater degradation.,success,
cyanodefects/cyanodefects_004.pdf,cyanodefects_004.pdf,cyanodefects,Metal-ion-assisted construction of cyano group defects in g-C3N4 to simultaneously degrade wastewater and produce hydrogen,3,4,7%-BaCN-C3N4,,doped,BaCl2,Ba,thermal_polymerization,600.0,5.0,4_8h,unknown,sonication,washing,cyano group defects,dopant_induced,Ba2+ doping to construct cyano group defects.,melamine,gt600,unknown,direct_thermal,dopant_induced,metal,bulk,"Shimadzu, Japan",The study involves the synthesis of Ba2+ doped g-C3N4 with cyano group defects for enhanced photocatalytic activity in hydrogen production and wastewater degradation.,success,
cyanodefects/cyanodefects_004.pdf,cyanodefects_004.pdf,cyanodefects,Metal-ion-assisted construction of cyano group defects in g-C3N4 to simultaneously degrade wastewater and produce hydrogen,4,4,9%-BaCN-C3N4,,doped,BaCl2,Ba,thermal_polymerization,600.0,5.0,4_8h,unknown,sonication,washing,cyano group defects,dopant_induced,Ba2+ doping to construct cyano group defects.,melamine,gt600,unknown,direct_thermal,dopant_induced,metal,bulk,"Shimadzu, Japan",The study involves the synthesis of Ba2+ doped g-C3N4 with cyano group defects for enhanced photocatalytic activity in hydrogen production and wastewater degradation.,success,
cyanodefects/cyanodefects_007.pdf,cyanodefects_007.pdf,cyanodefects,CaH2-assisted structural engineering of porous defective graphitic carbon nitride (g-C3N4) for enhanced photocatalytic hydrogen evolution,1,3,CaH2-assisted porous defective g-C3N4,cn-h,defective,CaH2,none,thermal_polymerization,550.0,,4_8h,N2,none,none,porous,gas_assisted_etching,CaH2 used to introduce defects,melamine,520_560,N2,direct_thermal,gas_assisted_etching,none,porous_holey,unknown,The study focuses on CaH2-assisted structural engineering to create porous defective g-C3N4 for enhanced photocatalytic hydrogen evolution.,success,
cyanodefects/cyanodefects_007.pdf,cyanodefects_007.pdf,cyanodefects,CaH2-assisted structural engineering of porous defective graphitic carbon nitride (g-C3N4) for enhanced photocatalytic hydrogen evolution,2,3,pristine g-C3N4,cn,reference,none,none,thermal_polymerization,550.0,,4_8h,N2,none,none,none,none,Standard reference sample,melamine,520_560,N2,direct_thermal,none_or_baseline,none,bulk,unknown,The study focuses on CaH2-assisted structural engineering to create porous defective g-C3N4 for enhanced photocatalytic hydrogen evolution.,success,
cyanodefects/cyanodefects_007.pdf,cyanodefects_007.pdf,cyanodefects,CaH2-assisted structural engineering of porous defective graphitic carbon nitride (g-C3N4) for enhanced photocatalytic hydrogen evolution,3,3,modified g-C3N4 with cyano groups,mm-h,modified,none,none,thermal_polymerization,550.0,,4_8h,N2,none,none,cyano groups,none,Cyano groups introduced during synthesis,melamine,520_560,N2,direct_thermal,none_or_baseline,none,porous_holey,unknown,The study focuses on CaH2-assisted structural engineering to create porous defective g-C3N4 for enhanced photocatalytic hydrogen evolution.,success,
cyanodefects/cyanodefects_010.pdf,cyanodefects_010.pdf,cyanodefects,,1,5,MS-450,,modified,LiCl and KCl,none,thermal_polymerization,450.0,5.0,4_8h,unknown,grinding,washing with hot deionized water and ethanol,none,none,Eutectic mixture used as template,melamine,lt520,unknown,template_assisted,none_or_baseline,none,bulk,"UV-2550PC spectrophotometer (Shimadzu Corporation, Japan)",The study involves the synthesis of g-C3N4 using a eutectic mixture as a template to modify the structure and properties of the material.,success,
cyanodefects/cyanodefects_010.pdf,cyanodefects_010.pdf,cyanodefects,,2,5,MS-500,ms-500,modified,LiCl and KCl,none,thermal_polymerization,500.0,5.0,4_8h,unknown,grinding,washing with hot deionized water and ethanol,none,none,Eutectic mixture used as template,melamine,lt520,unknown,template_assisted,none_or_baseline,none,bulk,"UV-2550PC spectrophotometer (Shimadzu Corporation, Japan)",The study involves the synthesis of g-C3N4 using a eutectic mixture as a template to modify the structure and properties of the material.,success,
cyanodefects/cyanodefects_010.pdf,cyanodefects_010.pdf,cyanodefects,,3,5,MS-550,,modified,LiCl and KCl,none,thermal_polymerization,550.0,5.0,4_8h,unknown,grinding,washing with hot deionized water and ethanol,none,none,Eutectic mixture used as template,melamine,520_560,unknown,template_assisted,none_or_baseline,none,bulk,"UV-2550PC spectrophotometer (Shimadzu Corporation, Japan)",The study involves the synthesis of g-C3N4 using a eutectic mixture as a template to modify the structure and properties of the material.,success,
cyanodefects/cyanodefects_010.pdf,cyanodefects_010.pdf,cyanodefects,,4,5,MS-600,ms-600,modified,LiCl and KCl,none,thermal_polymerization,600.0,5.0,4_8h,unknown,grinding,washing with hot deionized water and ethanol,none,none,Eutectic mixture used as template,melamine,gt600,unknown,template_assisted,none_or_baseline,none,bulk,"UV-2550PC spectrophotometer (Shimadzu Corporation, Japan)",The study involves the synthesis of g-C3N4 using a eutectic mixture as a template to modify the structure and properties of the material.,success,
cyanodefects/cyanodefects_010.pdf,cyanodefects_010.pdf,cyanodefects,,5,5,B-CN,,reference,none,none,thermal_polymerization,520.0,5.0,4_8h,unknown,none,none,none,none,Conventional thermal polymerization,melamine,520_560,unknown,direct_thermal,none_or_baseline,none,bulk,"UV-2550PC spectrophotometer (Shimadzu Corporation, Japan)",The study involves the synthesis of g-C3N4 using a eutectic mixture as a template to modify the structure and properties of the material.,success,
cyanodefects/cyanodefects_011.pdf,cyanodefects_011.pdf,cyanodefects,Synthesis of synergetic phosphorus and cyano groups (C≡N) modified g-C3N4 for enhanced photocatalytic H2 production and CO2 reduction under visible light irradiation,1,5,pristine g-C3N4,g-c3n4,reference,none,none,thermal_polymerization,550.0,5.0,4_8h,air,none,none,none,none,none,cyanamide,520_560,air,direct_thermal,none_or_baseline,none,bulk,Shimadzu UV-2550,"The synthesis involves thermal polycondensation of urea and dicyandiamide, followed by doping with phosphorus using NaH2PO2 under Ar atmosphere.",success,
cyanodefects/cyanodefects_011.pdf,cyanodefects_011.pdf,cyanodefects,Synthesis of synergetic phosphorus and cyano groups (C≡N) modified g-C3N4 for enhanced photocatalytic H2 production and CO2 reduction under visible light irradiation,2,5,g-C3N4 –300,g-c3n4-300,doped,NaH2PO2,P,thermal_polymerization,300.0,10.0,lt2h,Ar,none,washing,none,none,PH3 absorbed using sodium hypochlorite,cyanamide,lt520,inert,direct_thermal,dopant_induced,nonmetal,bulk,Shimadzu UV-2550,"The synthesis involves thermal polycondensation of urea and dicyandiamide, followed by doping with phosphorus using NaH2PO2 under Ar atmosphere.",success,
cyanodefects/cyanodefects_011.pdf,cyanodefects_011.pdf,cyanodefects,Synthesis of synergetic phosphorus and cyano groups (C≡N) modified g-C3N4 for enhanced photocatalytic H2 production and CO2 reduction under visible light irradiation,3,5,g-C3N4 –350,g-c3n4-350,doped,NaH2PO2,P,thermal_polymerization,350.0,10.0,lt2h,Ar,none,washing,none,none,PH3 absorbed using sodium hypochlorite,cyanamide,lt520,inert,direct_thermal,dopant_induced,nonmetal,bulk,Shimadzu UV-2550,"The synthesis involves thermal polycondensation of urea and dicyandiamide, followed by doping with phosphorus using NaH2PO2 under Ar atmosphere.",success,
cyanodefects/cyanodefects_011.pdf,cyanodefects_011.pdf,cyanodefects,Synthesis of synergetic phosphorus and cyano groups (C≡N) modified g-C3N4 for enhanced photocatalytic H2 production and CO2 reduction under visible light irradiation,4,5,g-C3N4 –400,g-c3n4-400,doped,NaH2PO2,P,thermal_polymerization,400.0,10.0,lt2h,Ar,none,washing,none,none,PH3 absorbed using sodium hypochlorite,cyanamide,lt520,inert,direct_thermal,dopant_induced,nonmetal,bulk,Shimadzu UV-2550,"The synthesis involves thermal polycondensation of urea and dicyandiamide, followed by doping with phosphorus using NaH2PO2 under Ar atmosphere.",success,
cyanodefects/cyanodefects_011.pdf,cyanodefects_011.pdf,cyanodefects,Synthesis of synergetic phosphorus and cyano groups (C≡N) modified g-C3N4 for enhanced photocatalytic H2 production and CO2 reduction under visible light irradiation,5,5,g-C3N4 –425,g-c3n4-Ar-425,doped,NaH2PO2,P,thermal_polymerization,425.0,10.0,lt2h,Ar,none,washing,none,none,PH3 absorbed using sodium hypochlorite,cyanamide,lt520,inert,direct_thermal,dopant_induced,nonmetal,bulk,Shimadzu UV-2550,"The synthesis involves thermal polycondensation of urea and dicyandiamide, followed by doping with phosphorus using NaH2PO2 under Ar atmosphere.",success,
cyanodefects/cyanodefects_013.pdf,cyanodefects_013.pdf,cyanodefects,,1,6,SiO2/g-C3N4,,modified,silicon dioxide,none,thermal_polymerization,550.0,,2_4h,unknown,none,none,none,none,SiO2 used as a template,cyanamide,520_560,unknown,template_assisted,none_or_baseline,none,porous_holey,unknown,The synthesis involves thermal polymerization with templates and molten salts to create porous g-C3N4 structures.,success,
cyanodefects/cyanodefects_013.pdf,cyanodefects_013.pdf,cyanodefects,,2,6,mDCN-M-1,,modified,KCl and LiCl,none,thermal_polymerization,550.0,,2_4h,N2,grinding with molten salt,washing and etching with HF,none,none,Molten salt used for porosity,cyanamide,520_560,N2,template_assisted,none_or_baseline,none,porous_holey,unknown,The synthesis involves thermal polymerization with templates and molten salts to create porous g-C3N4 structures.,success,
cyanodefects/cyanodefects_013.pdf,cyanodefects_013.pdf,cyanodefects,,3,6,mDCN-M-2,,modified,KCl and LiCl,none,thermal_polymerization,550.0,,2_4h,N2,grinding with molten salt,washing and etching with HF,none,none,Molten salt used for porosity,cyanamide,520_560,N2,template_assisted,none_or_baseline,none,porous_holey,unknown,The synthesis involves thermal polymerization with templates and molten salts to create porous g-C3N4 structures.,success,
cyanodefects/cyanodefects_013.pdf,cyanodefects_013.pdf,cyanodefects,,4,6,mDCN-M-3,,modified,KCl and LiCl,none,thermal_polymerization,550.0,,2_4h,N2,grinding with molten salt,washing and etching with HF,none,none,Molten salt used for porosity,cyanamide,520_560,N2,template_assisted,none_or_baseline,none,porous_holey,unknown,The synthesis involves thermal polymerization with templates and molten salts to create porous g-C3N4 structures.,success,
cyanodefects/cyanodefects_013.pdf,cyanodefects_013.pdf,cyanodefects,,5,6,mDCN,,modified,none,none,thermal_polymerization,550.0,,2_4h,N2,none,washing and etching with HF,none,none,Mesoporous structure without molten salt,cyanamide,520_560,N2,template_assisted,none_or_baseline,none,porous_holey,unknown,The synthesis involves thermal polymerization with templates and molten salts to create porous g-C3N4 structures.,success,
cyanodefects/cyanodefects_013.pdf,cyanodefects_013.pdf,cyanodefects,,6,6,DCN,a,reference,none,none,thermal_polymerization,550.0,,2_4h,unknown,none,none,none,none,Bulk g-C3N4,cyanamide,520_560,unknown,direct_thermal,none_or_baseline,none,bulk,unknown,The synthesis involves thermal polymerization with templates and molten salts to create porous g-C3N4 structures.,success,
cyanodefects/cyanodefects_014.pdf,cyanodefects_014.pdf,cyanodefects,Defective g-C3N4 prepared by the NaBH4 reduction for high-performance H2 production,1,5,pristine g-C3N4,g-c3n4,reference,none,none,thermal_polymerization,550.0,1.0,2_4h,unknown,none,none,none,none,none,urea,520_560,unknown,direct_thermal,none_or_baseline,none,bulk,unknown,The study focuses on the synthesis of defective g-C3N4 using NaBH4 reduction for enhanced H2 production.,success,
cyanodefects/cyanodefects_014.pdf,cyanodefects_014.pdf,cyanodefects,Defective g-C3N4 prepared by the NaBH4 reduction for high-performance H2 production,2,5,DCN-1,,defective,NaBH4,none,other,300.0,,lt2h,unknown,grinding,washing,vacancies,chemical_reduction,Defective g-C3N4 prepared by NaBH4 reduction,urea,lt520,unknown,direct_thermal,none_or_baseline,none,bulk,unknown,The study focuses on the synthesis of defective g-C3N4 using NaBH4 reduction for enhanced H2 production.,success,
cyanodefects/cyanodefects_014.pdf,cyanodefects_014.pdf,cyanodefects,Defective g-C3N4 prepared by the NaBH4 reduction for high-performance H2 production,3,5,DCN-2,,defective,NaBH4,none,other,300.0,,lt2h,unknown,grinding,washing,vacancies,chemical_reduction,Defective g-C3N4 prepared by NaBH4 reduction,urea,lt520,unknown,direct_thermal,none_or_baseline,none,bulk,unknown,The study focuses on the synthesis of defective g-C3N4 using NaBH4 reduction for enhanced H2 production.,success,
cyanodefects/cyanodefects_014.pdf,cyanodefects_014.pdf,cyanodefects,Defective g-C3N4 prepared by the NaBH4 reduction for high-performance H2 production,4,5,DCN-3,dcn-3,defective,NaBH4,none,other,300.0,,lt2h,unknown,grinding,washing,vacancies,chemical_reduction,Defective g-C3N4 prepared by NaBH4 reduction,urea,lt520,unknown,direct_thermal,none_or_baseline,none,bulk,unknown,The study focuses on the synthesis of defective g-C3N4 using NaBH4 reduction for enhanced H2 production.,success,
cyanodefects/cyanodefects_014.pdf,cyanodefects_014.pdf,cyanodefects,Defective g-C3N4 prepared by the NaBH4 reduction for high-performance H2 production,5,5,DCN-4,,defective,NaBH4,none,other,300.0,,lt2h,unknown,grinding,washing,vacancies,chemical_reduction,Defective g-C3N4 prepared by NaBH4 reduction,urea,lt520,unknown,direct_thermal,none_or_baseline,none,bulk,unknown,The study focuses on the synthesis of defective g-C3N4 using NaBH4 reduction for enhanced H2 production.,success,
elementdoped/cdoped_003.pdf,cdoped_003.pdf,elementdoped,Effect of nonmetal element dopants on photo- and electro-chemistry performance of ultrathin g-C3N4 nanosheets,1,4,CN,,reference,none,none,thermal_polymerization,750.0,5.0,2_4h,Ar,none,none,none,none,none,melamine,gt600,inert,direct_thermal,none_or_baseline,none,bulk,Hitachi U-4100,"The synthesis involves thermal polymerization of melamine with various dopants under an inert argon atmosphere, followed by grinding and further calcination.",success,
elementdoped/cdoped_003.pdf,cdoped_003.pdf,elementdoped,Effect of nonmetal element dopants on photo- and electro-chemistry performance of ultrathin g-C3N4 nanosheets,2,4,UCN,ucn,doped,urea,N,thermal_polymerization,750.0,,2_4h,Ar,freeze-drying,none,none,none,none,melamine,gt600,inert,direct_thermal,dopant_induced,nonmetal,nanosheets_ultrathin,Hitachi U-4100,"The synthesis involves thermal polymerization of melamine with various dopants under an inert argon atmosphere, followed by grinding and further calcination.",success,
elementdoped/cdoped_003.pdf,cdoped_003.pdf,elementdoped,Effect of nonmetal element dopants on photo- and electro-chemistry performance of ultrathin g-C3N4 nanosheets,3,4,BCN,,doped,barbiturate,N,thermal_polymerization,750.0,,2_4h,Ar,none,none,none,none,none,melamine,gt600,inert,direct_thermal,dopant_induced,nonmetal,nanosheets_ultrathin,Hitachi U-4100,"The synthesis involves thermal polymerization of melamine with various dopants under an inert argon atmosphere, followed by grinding and further calcination.",success,
elementdoped/cdoped_003.pdf,cdoped_003.pdf,elementdoped,Effect of nonmetal element dopants on photo- and electro-chemistry performance of ultrathin g-C3N4 nanosheets,4,4,TCN,,doped,thiourea,N,thermal_polymerization,750.0,,2_4h,Ar,none,none,none,none,none,melamine,gt600,inert,direct_thermal,dopant_induced,nonmetal,nanosheets_ultrathin,Hitachi U-4100,"The synthesis involves thermal polymerization of melamine with various dopants under an inert argon atmosphere, followed by grinding and further calcination.",success,
elementdoped/cdoped_004.pdf,cdoped_004.pdf,elementdoped,Facile synthesis of carbon-rich g-C3N4 by copolymerization of urea and tetracyanoethylene for photocatalytic degradation of Orange II,1,1,pristine g-C3N4,,reference,none,none,thermal_polymerization,550.0,20.0,4_8h,unknown,none,none,none,none,none,urea,520_560,unknown,direct_thermal,none_or_baseline,none,bulk,unknown,The synthesis involves thermal polymerization of urea at 550°C for 4 hours to produce pristine g-C3N4.,success,
elementdoped/codoped_001.pdf,codoped_001.pdf,elementdoped,Study on photoelectric properties of Fe-Co codoped g-C3N4,1,4,pure g-C3N4,pure,reference,none,none,thermal_polymerization,550.0,,gt8h,unknown,none,none,none,none,none,melamine,520_560,unknown,direct_thermal,none_or_baseline,none,bulk,unknown,"The synthesis involves thermal polymerization of melamine with metal nitrates as dopant sources, followed by calcination at 550°C.",success,
elementdoped/codoped_001.pdf,codoped_001.pdf,elementdoped,Study on photoelectric properties of Fe-Co codoped g-C3N4,2,4,Fe-doped g-C3N4,fe,doped,none,Fe,thermal_polymerization,550.0,,gt8h,unknown,none,none,none,dopant_induced,none,melamine,520_560,unknown,direct_thermal,dopant_induced,metal,bulk,unknown,"The synthesis involves thermal polymerization of melamine with metal nitrates as dopant sources, followed by calcination at 550°C.",success,
elementdoped/codoped_001.pdf,codoped_001.pdf,elementdoped,Study on photoelectric properties of Fe-Co codoped g-C3N4,3,4,Co-doped g-C3N4,co,doped,none,Co,thermal_polymerization,550.0,,gt8h,unknown,none,none,none,dopant_induced,none,melamine,520_560,unknown,direct_thermal,dopant_induced,metal,bulk,unknown,"The synthesis involves thermal polymerization of melamine with metal nitrates as dopant sources, followed by calcination at 550°C.",success,
elementdoped/codoped_001.pdf,codoped_001.pdf,elementdoped,Study on photoelectric properties of Fe-Co codoped g-C3N4,4,4,Fe-Co codoped g-C3N4,fe-co,doped,none,"Fe, Co",thermal_polymerization,550.0,,gt8h,unknown,none,none,none,dopant_induced,none,melamine,520_560,unknown,direct_thermal,dopant_induced,codoped_or_multi,bulk,unknown,"The synthesis involves thermal polymerization of melamine with metal nitrates as dopant sources, followed by calcination at 550°C.",success,
elementdoped/codoped_002.pdf,codoped_002.pdf,elementdoped,Fabrication of alveolate g-C3N4 with nitrogen vacancies via cobalt introduction for efficient photocatalytic hydrogen evolution,1,6,ACN,acn,defective,SiO2,none,other,550.0,,2_4h,unknown,none,etching,nitrogen vacancies,dopant_induced,SiO2 template removed with HF,cyanamide,520_560,unknown,template_assisted,dopant_induced,none,porous_holey,Shimadzu UV-2550,The study focuses on the synthesis of alveolate-like g-C3N4 with nitrogen vacancies via cobalt introduction for enhanced photocatalytic hydrogen evolution.,success,
elementdoped/codoped_002.pdf,codoped_002.pdf,elementdoped,Fabrication of alveolate g-C3N4 with nitrogen vacancies via cobalt introduction for efficient photocatalytic hydrogen evolution,2,6,BCN,bcn,reference,none,none,thermal_polymerization,550.0,,2_4h,unknown,none,none,none,none,Bulk-like g-C3N4,cyanamide,520_560,unknown,direct_thermal,none_or_baseline,none,bulk,Shimadzu UV-2550,The study focuses on the synthesis of alveolate-like g-C3N4 with nitrogen vacancies via cobalt introduction for enhanced photocatalytic hydrogen evolution.,success,
elementdoped/codoped_002.pdf,codoped_002.pdf,elementdoped,Fabrication of alveolate g-C3N4 with nitrogen vacancies via cobalt introduction for efficient photocatalytic hydrogen evolution,3,6,5% Co/ACN,,doped,Co(NO3)2·6H2O,Co,other,500.0,,4_8h,N2,none,grinding,nitrogen vacancies,dopant_induced,Cobalt introduction for enhanced photocatalytic activity,cyanamide,lt520,N2,template_assisted,dopant_induced,metal,porous_holey,Shimadzu UV-2550,The study focuses on the synthesis of alveolate-like g-C3N4 with nitrogen vacancies via cobalt introduction for enhanced photocatalytic hydrogen evolution.,success,
elementdoped/codoped_002.pdf,codoped_002.pdf,elementdoped,Fabrication of alveolate g-C3N4 with nitrogen vacancies via cobalt introduction for efficient photocatalytic hydrogen evolution,4,6,10% Co/ACN,,doped,Co(NO3)2·6H2O,Co,other,500.0,,4_8h,N2,none,grinding,nitrogen vacancies,dopant_induced,Cobalt introduction for enhanced photocatalytic activity,cyanamide,lt520,N2,template_assisted,dopant_induced,metal,porous_holey,Shimadzu UV-2550,The study focuses on the synthesis of alveolate-like g-C3N4 with nitrogen vacancies via cobalt introduction for enhanced photocatalytic hydrogen evolution.,success,
elementdoped/codoped_002.pdf,codoped_002.pdf,elementdoped,Fabrication of alveolate g-C3N4 with nitrogen vacancies via cobalt introduction for efficient photocatalytic hydrogen evolution,5,6,15% Co/ACN,,doped,Co(NO3)2·6H2O,Co,other,500.0,,4_8h,N2,none,grinding,nitrogen vacancies,dopant_induced,Cobalt introduction for enhanced photocatalytic activity,cyanamide,lt520,N2,template_assisted,dopant_induced,metal,porous_holey,Shimadzu UV-2550,The study focuses on the synthesis of alveolate-like g-C3N4 with nitrogen vacancies via cobalt introduction for enhanced photocatalytic hydrogen evolution.,success,
elementdoped/codoped_002.pdf,codoped_002.pdf,elementdoped,Fabrication of alveolate g-C3N4 with nitrogen vacancies via cobalt introduction for efficient photocatalytic hydrogen evolution,6,6,20% Co/ACN,,doped,Co(NO3)2·6H2O,Co,other,500.0,,4_8h,N2,none,grinding,nitrogen vacancies,dopant_induced,Cobalt introduction for enhanced photocatalytic activity,cyanamide,lt520,N2,template_assisted,dopant_induced,metal,porous_holey,Shimadzu UV-2550,The study focuses on the synthesis of alveolate-like g-C3N4 with nitrogen vacancies via cobalt introduction for enhanced photocatalytic hydrogen evolution.,success,
elementdoped/cudoped_001.pdf,cudoped_001.pdf,elementdoped,Flash dual-engineering of surface carboxyl defects and single Cu atoms of g-C3N4 via unique CO2 plasma immersion approach for boosted photocatalytic activity,1,5,g-C3N4,g-c3n4,reference,none,none,thermal_polymerization,550.0,10.0,2_4h,unknown,none,none,none,none,none,urea,520_560,unknown,direct_thermal,none_or_baseline,none,bulk,Shimadzu UV-2600,The study uses CO2 plasma immersion to introduce defects and dope g-C3N4 with Cu for enhanced photocatalytic activity.,success,
elementdoped/cudoped_001.pdf,cudoped_001.pdf,elementdoped,Flash dual-engineering of surface carboxyl defects and single Cu atoms of g-C3N4 via unique CO2 plasma immersion approach for boosted photocatalytic activity,2,5,CueCNeCO2-3min,,doped,CuSO4·5H2O,Cu,other,,,lt2h,CO2,none,none,carboxyl defects,gas_assisted_etching,Microwave surface wave plasma technology used,urea,520_560,co2_generated,unknown_or_other,gas_assisted_etching,metal,nanosheets_ultrathin,Shimadzu UV-2600,The study uses CO2 plasma immersion to introduce defects and dope g-C3N4 with Cu for enhanced photocatalytic activity.,success,
elementdoped/cudoped_001.pdf,cudoped_001.pdf,elementdoped,Flash dual-engineering of surface carboxyl defects and single Cu atoms of g-C3N4 via unique CO2 plasma immersion approach for boosted photocatalytic activity,3,5,CueCNeCO2-6min,cu-cn-co2-6min,doped,CuSO4·5H2O,Cu,other,,,lt2h,CO2,none,none,carboxyl defects,gas_assisted_etching,Microwave surface wave plasma technology used,urea,520_560,co2_generated,unknown_or_other,gas_assisted_etching,metal,nanosheets_ultrathin,Shimadzu UV-2600,The study uses CO2 plasma immersion to introduce defects and dope g-C3N4 with Cu for enhanced photocatalytic activity.,success,
elementdoped/cudoped_001.pdf,cudoped_001.pdf,elementdoped,Flash dual-engineering of surface carboxyl defects and single Cu atoms of g-C3N4 via unique CO2 plasma immersion approach for boosted photocatalytic activity,4,5,CueCNeCO2-12min,cu-cn-co2-12min,doped,CuSO4·5H2O,Cu,other,,,lt2h,CO2,none,none,carboxyl defects,gas_assisted_etching,Microwave surface wave plasma technology used,urea,520_560,co2_generated,unknown_or_other,gas_assisted_etching,metal,nanosheets_ultrathin,Shimadzu UV-2600,The study uses CO2 plasma immersion to introduce defects and dope g-C3N4 with Cu for enhanced photocatalytic activity.,success,
elementdoped/cudoped_001.pdf,cudoped_001.pdf,elementdoped,Flash dual-engineering of surface carboxyl defects and single Cu atoms of g-C3N4 via unique CO2 plasma immersion approach for boosted photocatalytic activity,5,5,Ar plasma treated sample,cu-cn-ar-6min,doped,CuSO4·5H2O,Cu,other,,,lt2h,Ar,none,none,none,none,Microwave surface wave plasma technology used,urea,520_560,inert,unknown_or_other,none_or_baseline,metal,nanosheets_ultrathin,Shimadzu UV-2600,The study uses CO2 plasma immersion to introduce defects and dope g-C3N4 with Cu for enhanced photocatalytic activity.,success,
elementdoped/idoped_001.pdf,idoped_001.pdf,elementdoped,One-step synthesis of iodine-doped g-C3N4 with enhanced photocatalytic nitrogen fixation performance,1,2,CN,cn,reference,none,none,thermal_polymerization,550.0,5.0,4_8h,N2,none,none,none,none,none,cyanamide,520_560,N2,direct_thermal,none_or_baseline,none,bulk,Shimadzu UV-2500,The synthesis involves in-situ decomposition-thermal polymerization of dicyandiamide with KIO3 as a dopant source under nitrogen atmosphere.,success,
elementdoped/idoped_001.pdf,idoped_001.pdf,elementdoped,One-step synthesis of iodine-doped g-C3N4 with enhanced photocatalytic nitrogen fixation performance,2,2,CNI10,cni10,doped,KIO3,I,thermal_polymerization,550.0,5.0,4_8h,N2,none,none,none,dopant_induced,none,cyanamide,520_560,N2,direct_thermal,dopant_induced,nonmetal,bulk,Shimadzu UV-2500,The synthesis involves in-situ decomposition-thermal polymerization of dicyandiamide with KIO3 as a dopant source under nitrogen atmosphere.,success,
elementdoped/ladoped_001.pdf,ladoped_001.pdf,elementdoped,,1,2,pure porous graphitic-C3N4,pure-c3n4,reference,none,none,thermal_polymerization,550.0,5.0,2_4h,air,none,washing,none,none,none,melamine,520_560,air,direct_thermal,none_or_baseline,none,porous_holey,JASCO UV-vis-NIR-V-57,"The synthesis involves thermal polymerization of melamine with and without La doping, followed by washing to remove residues.",success,
elementdoped/ladoped_001.pdf,ladoped_001.pdf,elementdoped,,2,2,La-doped C3N4,0001la-doped-c3n4,doped,none,La,thermal_polymerization,550.0,5.0,2_4h,air,none,washing,none,dopant_induced,La(NO3)3·6H2O added to melamine,melamine,520_560,air,direct_thermal,dopant_induced,metal,porous_holey,JASCO UV-vis-NIR-V-57,"The synthesis involves thermal polymerization of melamine with and without La doping, followed by washing to remove residues.",success,
elementdoped/nddoped_001.pdf,nddoped_001.pdf,elementdoped,Nitrogen vacancy and hydrogen substitution mediated tunable optoelectronic properties of g-C3N4 2D layered structures: Applications towards blue LED to broad-band photodetection,1,3,Nd-gCN,ndgcn,defective,none,none,thermal_polymerization,550.0,7.0,4_8h,air,none,exfoliation,nitrogen vacancies,two_step_overcalcination,Initial synthesis in air ambiance leading to nitrogen vacancies.,melamine,520_560,air,direct_thermal,two_step_overcalcination,none,nanosheets_ultrathin,Avaspec-3648,The study focuses on the synthesis of g-C3N4 with nitrogen vacancies and hydrogen substitution to modify optoelectronic properties for applications in LEDs and photodetectors.,success,
elementdoped/nddoped_001.pdf,nddoped_001.pdf,elementdoped,Nitrogen vacancy and hydrogen substitution mediated tunable optoelectronic properties of g-C3N4 2D layered structures: Applications towards blue LED to broad-band photodetection,2,3,H-gCN,hgcn,defective,none,none,thermal_polymerization,530.0,2.0,4_8h,H2,none,exfoliation,hydrogen substitution,two_step_overcalcination,Hydrogen substitution at nitrogen vacancy sites.,melamine,520_560,reducing,direct_thermal,two_step_overcalcination,none,nanosheets_ultrathin,Avaspec-3648,The study focuses on the synthesis of g-C3N4 with nitrogen vacancies and hydrogen substitution to modify optoelectronic properties for applications in LEDs and photodetectors.,success,
elementdoped/nddoped_001.pdf,nddoped_001.pdf,elementdoped,Nitrogen vacancy and hydrogen substitution mediated tunable optoelectronic properties of g-C3N4 2D layered structures: Applications towards blue LED to broad-band photodetection,3,3,gCN,,reference,none,none,thermal_polymerization,550.0,7.0,4_8h,N2,none,exfoliation,none,none,Stoichiometric g-C3N4 sample.,melamine,520_560,N2,direct_thermal,none_or_baseline,none,nanosheets_ultrathin,Avaspec-3648,The study focuses on the synthesis of g-C3N4 with nitrogen vacancies and hydrogen substitution to modify optoelectronic properties for applications in LEDs and photodetectors.,success,
elementdoped/odoped_002.pdf,odoped_002.pdf,elementdoped,Oxygen doping through oxidation causes the main active substance in g-C3N4 photocatalysis to change from holes to singlet oxygen,1,4,CN,cn,reference,none,none,thermal_polymerization,550.0,2.2,4_8h,unknown,none,none,none,none,none,melamine,520_560,unknown,direct_thermal,none_or_baseline,none,bulk,UV-2600,The study investigates the effect of oxygen doping on g-C3N4 photocatalysis by varying ultrasonic oxidation times.,success,
elementdoped/odoped_002.pdf,odoped_002.pdf,elementdoped,Oxygen doping through oxidation causes the main active substance in g-C3N4 photocatalysis to change from holes to singlet oxygen,2,4,OxCN1,oxcn1,defective,none,none,other,,,lt2h,unknown,none,washing,oxygen vacancies,ultrasonic oxidation,oxidized for 0.5 h,melamine,520_560,unknown,unknown_or_other,none_or_baseline,none,bulk,UV-2600,The study investigates the effect of oxygen doping on g-C3N4 photocatalysis by varying ultrasonic oxidation times.,success,
elementdoped/odoped_002.pdf,odoped_002.pdf,elementdoped,Oxygen doping through oxidation causes the main active substance in g-C3N4 photocatalysis to change from holes to singlet oxygen,3,4,OxCN2,oxcn2,defective,none,none,other,,,2_4h,unknown,none,washing,oxygen vacancies,ultrasonic oxidation,oxidized for 2 h,melamine,520_560,unknown,unknown_or_other,none_or_baseline,none,bulk,UV-2600,The study investigates the effect of oxygen doping on g-C3N4 photocatalysis by varying ultrasonic oxidation times.,success,
elementdoped/odoped_002.pdf,odoped_002.pdf,elementdoped,Oxygen doping through oxidation causes the main active substance in g-C3N4 photocatalysis to change from holes to singlet oxygen,4,4,OxCN3,oxcn3,defective,none,none,other,,,4_8h,unknown,none,washing,oxygen vacancies,ultrasonic oxidation,oxidized for 4 h,melamine,520_560,unknown,unknown_or_other,none_or_baseline,none,bulk,UV-2600,The study investigates the effect of oxygen doping on g-C3N4 photocatalysis by varying ultrasonic oxidation times.,success,
elementdoped/ptdoped_001.pdf,ptdoped_001.pdf,elementdoped,,1,7,pristine g-C3N4,g-c3n4,reference,none,none,thermal_polymerization,550.0,5.0,2_4h,air,none,none,none,none,none,melamine,520_560,air,direct_thermal,none_or_baseline,none,bulk,Solid Spec 3700 UV/vis spectrometer,"The study involves the synthesis of g-C3N4 and Pt/g-C3N4 composites using thermal polymerization and plasma treatment methods, with a focus on photocatalytic hydrogen production.",success,
elementdoped/ptdoped_001.pdf,ptdoped_001.pdf,elementdoped,,2,7,Pt/CN-A20,pt-cn-a20,doped,H2PtCl6,Pt,other,,,lt2h,Ar,none,Ar plasma treatment,none,none,Plasma power: 20 W,melamine,520_560,inert,unknown_or_other,none_or_baseline,metal,bulk,Solid Spec 3700 UV/vis spectrometer,"The study involves the synthesis of g-C3N4 and Pt/g-C3N4 composites using thermal polymerization and plasma treatment methods, with a focus on photocatalytic hydrogen production.",success,
elementdoped/ptdoped_001.pdf,ptdoped_001.pdf,elementdoped,,3,7,Pt/CN-A50,pt-cn-a50,doped,H2PtCl6,Pt,other,,,lt2h,Ar,none,Ar plasma treatment,none,none,Plasma power: 50 W,melamine,520_560,inert,unknown_or_other,none_or_baseline,metal,bulk,Solid Spec 3700 UV/vis spectrometer,"The study involves the synthesis of g-C3N4 and Pt/g-C3N4 composites using thermal polymerization and plasma treatment methods, with a focus on photocatalytic hydrogen production.",success,
elementdoped/ptdoped_001.pdf,ptdoped_001.pdf,elementdoped,,4,7,Pt/CN-A100,pt-cn-a100,doped,H2PtCl6,Pt,other,,,lt2h,Ar,none,Ar plasma treatment,none,none,Plasma power: 100 W,melamine,520_560,inert,unknown_or_other,none_or_baseline,metal,bulk,Solid Spec 3700 UV/vis spectrometer,"The study involves the synthesis of g-C3N4 and Pt/g-C3N4 composites using thermal polymerization and plasma treatment methods, with a focus on photocatalytic hydrogen production.",success,
elementdoped/ptdoped_001.pdf,ptdoped_001.pdf,elementdoped,,5,7,Pt/CN-A200,pt-cn-a200,doped,H2PtCl6,Pt,other,,,lt2h,Ar,none,Ar plasma treatment,none,none,Plasma power: 200 W,melamine,520_560,inert,unknown_or_other,none_or_baseline,metal,bulk,Solid Spec 3700 UV/vis spectrometer,"The study involves the synthesis of g-C3N4 and Pt/g-C3N4 composites using thermal polymerization and plasma treatment methods, with a focus on photocatalytic hydrogen production.",success,
elementdoped/ptdoped_001.pdf,ptdoped_001.pdf,elementdoped,,6,7,CN-A150,,defective,none,none,other,,,lt2h,Ar,none,Ar plasma treatment,three-coordinated nitrogen states,gas_assisted_etching,Mass reduced by 4.4% due to plasma treatment,melamine,520_560,inert,unknown_or_other,gas_assisted_etching,none,bulk,Solid Spec 3700 UV/vis spectrometer,"The study involves the synthesis of g-C3N4 and Pt/g-C3N4 composites using thermal polymerization and plasma treatment methods, with a focus on photocatalytic hydrogen production.",success,
elementdoped/ptdoped_001.pdf,ptdoped_001.pdf,elementdoped,,7,7,Pt/CN-PR,,doped,H2PtCl6,Pt,other,,,gt8h,N2,none,photodeposition,none,none,Photodeposition under visible light,melamine,520_560,N2,unknown_or_other,none_or_baseline,metal,bulk,Solid Spec 3700 UV/vis spectrometer,"The study involves the synthesis of g-C3N4 and Pt/g-C3N4 composites using thermal polymerization and plasma treatment methods, with a focus on photocatalytic hydrogen production.",success,
ndefects/ndefects_002.pdf,ndefects_002.pdf,ndefects,Facile in situ reductive synthesis of both nitrogen deficient and protonated g-C3N4 nanosheets for the synergistic enhancement of visible-light H2 evolution,1,7,B-CN,c3n4,reference,none,none,thermal_polymerization,550.0,2.3,4_8h,air,none,none,none,none,Standard bulk g-C3N4 reference,cyanamide,520_560,air,direct_thermal,none_or_baseline,none,bulk,unknown,The synthesis involves thermal polymerization of dicyandiamide with NH4Cl as a dynamic gas template and phosphorus doping using H3PO4 or H3PO2.,success,
ndefects/ndefects_002.pdf,ndefects_002.pdf,ndefects,Facile in situ reductive synthesis of both nitrogen deficient and protonated g-C3N4 nanosheets for the synergistic enhancement of visible-light H2 evolution,2,7,G-CN,g-c3n4,modified,NH4Cl,none,thermal_polymerization,550.0,2.3,4_8h,air,none,none,none,none,Prepared using NH4Cl as dynamic gas template,cyanamide,520_560,air,direct_thermal,none_or_baseline,none,nanosheets_ultrathin,unknown,The synthesis involves thermal polymerization of dicyandiamide with NH4Cl as a dynamic gas template and phosphorus doping using H3PO4 or H3PO2.,success,
ndefects/ndefects_002.pdf,ndefects_002.pdf,ndefects,Facile in situ reductive synthesis of both nitrogen deficient and protonated g-C3N4 nanosheets for the synergistic enhancement of visible-light H2 evolution,3,7,0.2-P1-CN,02-p1-c3n4,doped,NH4Cl,P,thermal_polymerization,550.0,2.3,4_8h,air,none,none,none,dopant_induced,Doped with 0.2 wt% H3PO4,cyanamide,520_560,air,direct_thermal,dopant_induced,nonmetal,nanosheets_ultrathin,unknown,The synthesis involves thermal polymerization of dicyandiamide with NH4Cl as a dynamic gas template and phosphorus doping using H3PO4 or H3PO2.,success,
ndefects/ndefects_002.pdf,ndefects_002.pdf,ndefects,Facile in situ reductive synthesis of both nitrogen deficient and protonated g-C3N4 nanosheets for the synergistic enhancement of visible-light H2 evolution,4,7,0.2-P2-CN,02-p2-c3n4,doped,NH4Cl,P,thermal_polymerization,550.0,2.3,4_8h,air,none,none,none,dopant_induced,Doped with 0.2 wt% H3PO2,cyanamide,520_560,air,direct_thermal,dopant_induced,nonmetal,nanosheets_ultrathin,unknown,The synthesis involves thermal polymerization of dicyandiamide with NH4Cl as a dynamic gas template and phosphorus doping using H3PO4 or H3PO2.,success,
ndefects/ndefects_002.pdf,ndefects_002.pdf,ndefects,Facile in situ reductive synthesis of both nitrogen deficient and protonated g-C3N4 nanosheets for the synergistic enhancement of visible-light H2 evolution,5,7,0.8-P1-CN,08-p1-c3n4,doped,NH4Cl,P,thermal_polymerization,550.0,2.3,4_8h,air,none,none,none,dopant_induced,Doped with 0.8 wt% H3PO4,cyanamide,520_560,air,direct_thermal,dopant_induced,nonmetal,nanosheets_ultrathin,unknown,The synthesis involves thermal polymerization of dicyandiamide with NH4Cl as a dynamic gas template and phosphorus doping using H3PO4 or H3PO2.,success,
ndefects/ndefects_002.pdf,ndefects_002.pdf,ndefects,Facile in situ reductive synthesis of both nitrogen deficient and protonated g-C3N4 nanosheets for the synergistic enhancement of visible-light H2 evolution,6,7,0.8-P2-CN,08-p2-c3n4,doped,NH4Cl,P,thermal_polymerization,550.0,2.3,4_8h,air,none,none,none,dopant_induced,Doped with 0.8 wt% H3PO2,cyanamide,520_560,air,direct_thermal,dopant_induced,nonmetal,nanosheets_ultrathin,unknown,The synthesis involves thermal polymerization of dicyandiamide with NH4Cl as a dynamic gas template and phosphorus doping using H3PO4 or H3PO2.,success,
ndefects/ndefects_002.pdf,ndefects_002.pdf,ndefects,Facile in situ reductive synthesis of both nitrogen deficient and protonated g-C3N4 nanosheets for the synergistic enhancement of visible-light H2 evolution,7,7,3.2-P1-CN,32-p1-c3n4,doped,NH4Cl,P,thermal_polymerization,550.0,2.3,4_8h,air,none,none,none,dopant_induced,Doped with 3.2 wt% H3PO4,cyanamide,520_560,air,direct_thermal,dopant_induced,nonmetal,nanosheets_ultrathin,unknown,The synthesis involves thermal polymerization of dicyandiamide with NH4Cl as a dynamic gas template and phosphorus doping using H3PO4 or H3PO2.,success,
ndefects/ndefects_005.pdf,ndefects_005.pdf,ndefects,"Significantly narrowed bandgap and enhanced charge separation in porous, nitrogen-vacancy red g-C3N4 for visible light photocatalytic H2 production",1,4,Bulk g-C3N4,,reference,none,none,thermal_polymerization,,,gt8h,unknown,none,none,none,none,Synthesis details referenced from another source,cyanamide,520_560,unknown,direct_thermal,none_or_baseline,none,bulk,Shimadzu UV-3150,The study focuses on creating porous g-C3N4 with nitrogen vacancies using SBA-15 as a template and HPHT treatment to enhance photocatalytic properties.,success,
ndefects/ndefects_005.pdf,ndefects_005.pdf,ndefects,"Significantly narrowed bandgap and enhanced charge separation in porous, nitrogen-vacancy red g-C3N4 for visible light photocatalytic H2 production",2,4,PNCN-1,p-c3n4,defective,SBA-15,none,other,550.0,,gt8h,unknown,none,"HF treatment, template removal",nitrogen vacancies,none,Prepared via HPHT with SBA-15 template,cyanamide,520_560,unknown,template_assisted,none_or_baseline,none,porous_holey,Shimadzu UV-3150,The study focuses on creating porous g-C3N4 with nitrogen vacancies using SBA-15 as a template and HPHT treatment to enhance photocatalytic properties.,success,
ndefects/ndefects_005.pdf,ndefects_005.pdf,ndefects,"Significantly narrowed bandgap and enhanced charge separation in porous, nitrogen-vacancy red g-C3N4 for visible light photocatalytic H2 production",3,4,PNCN-2,,defective,SBA-15,none,other,550.0,,gt8h,unknown,none,"HF treatment, template removal",nitrogen vacancies,none,Prepared via HPHT with SBA-15 template,cyanamide,520_560,unknown,template_assisted,none_or_baseline,none,porous_holey,Shimadzu UV-3150,The study focuses on creating porous g-C3N4 with nitrogen vacancies using SBA-15 as a template and HPHT treatment to enhance photocatalytic properties.,success,
ndefects/ndefects_005.pdf,ndefects_005.pdf,ndefects,"Significantly narrowed bandgap and enhanced charge separation in porous, nitrogen-vacancy red g-C3N4 for visible light photocatalytic H2 production",4,4,PCN,,modified,SBA-15,none,other,550.0,,gt8h,unknown,none,template removal,none,none,Prepared by directly removing the template without HPHT,cyanamide,520_560,unknown,template_assisted,none_or_baseline,none,porous_holey,Shimadzu UV-3150,The study focuses on creating porous g-C3N4 with nitrogen vacancies using SBA-15 as a template and HPHT treatment to enhance photocatalytic properties.,success,
ndefects/ndefects_008.pdf,ndefects_008.pdf,ndefects,Improved H2O2 Photogeneration by KOH-Doped g-C3N4 under Visible Light Irradiation due to Synergistic Effect of N Defects and K Modification,1,5,g-C3N4,g-c3n4,reference,none,none,thermal_polymerization,520.0,5.0,4_8h,unknown,none,washing,none,none,none,melamine,520_560,unknown,direct_thermal,none_or_baseline,none,bulk,"Lambda750S, PerkinElmer, USA","The study investigates the effect of KOH doping on g-C3N4 for enhanced H2O2 photogeneration, focusing on the synergistic effect of N defects and K modification.",success,
ndefects/ndefects_008.pdf,ndefects_008.pdf,ndefects,Improved H2O2 Photogeneration by KOH-Doped g-C3N4 under Visible Light Irradiation due to Synergistic Effect of N Defects and K Modification,2,5,g-C3N4-0.01,g-c3n4-001,doped,KOH,K,thermal_polymerization,520.0,5.0,4_8h,unknown,none,washing,N defects,dopant_induced,none,melamine,520_560,unknown,direct_thermal,dopant_induced,metal,bulk,"Lambda750S, PerkinElmer, USA","The study investigates the effect of KOH doping on g-C3N4 for enhanced H2O2 photogeneration, focusing on the synergistic effect of N defects and K modification.",success,
ndefects/ndefects_008.pdf,ndefects_008.pdf,ndefects,Improved H2O2 Photogeneration by KOH-Doped g-C3N4 under Visible Light Irradiation due to Synergistic Effect of N Defects and K Modification,3,5,g-C3N4-0.03,g-c3n4-003,doped,KOH,K,thermal_polymerization,520.0,5.0,4_8h,unknown,none,washing,N defects,dopant_induced,none,melamine,520_560,unknown,direct_thermal,dopant_induced,metal,bulk,"Lambda750S, PerkinElmer, USA","The study investigates the effect of KOH doping on g-C3N4 for enhanced H2O2 photogeneration, focusing on the synergistic effect of N defects and K modification.",success,
ndefects/ndefects_008.pdf,ndefects_008.pdf,ndefects,Improved H2O2 Photogeneration by KOH-Doped g-C3N4 under Visible Light Irradiation due to Synergistic Effect of N Defects and K Modification,4,5,g-C3N4-0.05,g-c3n4-005,doped,KOH,K,thermal_polymerization,520.0,5.0,4_8h,unknown,none,washing,N defects,dopant_induced,none,melamine,520_560,unknown,direct_thermal,dopant_induced,metal,bulk,"Lambda750S, PerkinElmer, USA","The study investigates the effect of KOH doping on g-C3N4 for enhanced H2O2 photogeneration, focusing on the synergistic effect of N defects and K modification.",success,
ndefects/ndefects_008.pdf,ndefects_008.pdf,ndefects,Improved H2O2 Photogeneration by KOH-Doped g-C3N4 under Visible Light Irradiation due to Synergistic Effect of N Defects and K Modification,5,5,g-C3N4-0.07,g-c3n4-007,doped,KOH,K,thermal_polymerization,520.0,5.0,4_8h,unknown,none,washing,N defects,dopant_induced,none,melamine,520_560,unknown,direct_thermal,dopant_induced,metal,bulk,"Lambda750S, PerkinElmer, USA","The study investigates the effect of KOH doping on g-C3N4 for enhanced H2O2 photogeneration, focusing on the synergistic effect of N defects and K modification.",success,
ndefects/ndefects_009.pdf,ndefects_009.pdf,ndefects,3D macroporous architecture of self-assembled defect-engineered ultrathin g-C3N4 nanosheets for tetracycline degradation under LED light irradiation,1,5,BCN,,reference,none,none,thermal_polymerization,550.0,,2_4h,unknown,none,none,none,none,none,melamine,520_560,unknown,direct_thermal,none_or_baseline,none,bulk,Agilent Technologies Model-Cary 5000,"The study focuses on defect-engineered g-C3N4 using ethylene glycol to introduce nitrogen defects, enhancing photocatalytic activity for tetracycline degradation.",success,
ndefects/ndefects_009.pdf,ndefects_009.pdf,ndefects,3D macroporous architecture of self-assembled defect-engineered ultrathin g-C3N4 nanosheets for tetracycline degradation under LED light irradiation,2,5,1EGCN,1egcn,defective,ethylene glycol,none,thermal_polymerization,550.0,,2_4h,unknown,none,none,nitrogen defects,dopant_induced,none,melamine,520_560,unknown,direct_thermal,dopant_induced,none,3d_macroporous,Agilent Technologies Model-Cary 5000,"The study focuses on defect-engineered g-C3N4 using ethylene glycol to introduce nitrogen defects, enhancing photocatalytic activity for tetracycline degradation.",success,
ndefects/ndefects_009.pdf,ndefects_009.pdf,ndefects,3D macroporous architecture of self-assembled defect-engineered ultrathin g-C3N4 nanosheets for tetracycline degradation under LED light irradiation,3,5,2EGCN,,defective,ethylene glycol,none,thermal_polymerization,550.0,,2_4h,unknown,none,none,nitrogen defects,dopant_induced,none,melamine,520_560,unknown,direct_thermal,dopant_induced,none,3d_macroporous,Agilent Technologies Model-Cary 5000,"The study focuses on defect-engineered g-C3N4 using ethylene glycol to introduce nitrogen defects, enhancing photocatalytic activity for tetracycline degradation.",success,
ndefects/ndefects_009.pdf,ndefects_009.pdf,ndefects,3D macroporous architecture of self-assembled defect-engineered ultrathin g-C3N4 nanosheets for tetracycline degradation under LED light irradiation,4,5,3EGCN,3egcn,defective,ethylene glycol,none,thermal_polymerization,550.0,,2_4h,unknown,none,none,nitrogen defects,dopant_induced,none,melamine,520_560,unknown,direct_thermal,dopant_induced,none,3d_macroporous,Agilent Technologies Model-Cary 5000,"The study focuses on defect-engineered g-C3N4 using ethylene glycol to introduce nitrogen defects, enhancing photocatalytic activity for tetracycline degradation.",success,
ndefects/ndefects_009.pdf,ndefects_009.pdf,ndefects,3D macroporous architecture of self-assembled defect-engineered ultrathin g-C3N4 nanosheets for tetracycline degradation under LED light irradiation,5,5,4EGCN,4egcn,defective,ethylene glycol,none,thermal_polymerization,550.0,,2_4h,unknown,none,none,nitrogen defects,dopant_induced,none,melamine,520_560,unknown,direct_thermal,dopant_induced,none,3d_macroporous,Agilent Technologies Model-Cary 5000,"The study focuses on defect-engineered g-C3N4 using ethylene glycol to introduce nitrogen defects, enhancing photocatalytic activity for tetracycline degradation.",success,
ndefects/ndefects_010.pdf,ndefects_010.pdf,ndefects,"A porous g-C3N4 nanosheets containing nitrogen defects for enhanced photocatalytic removal meropenem_ Mechanism, degradation pathway and DFT calculation",1,5,g-C3N4,g-c3n4,reference,none,none,thermal_polymerization,500.0,4.0,2_4h,air,none,none,none,none,none,melamine,lt520,air,direct_thermal,none_or_baseline,none,bulk,unknown,The study focuses on the synthesis of g-C3N4 with nitrogen defects using ammonium persulfate as a co-precursor to enhance photocatalytic activity.,success,
ndefects/ndefects_010.pdf,ndefects_010.pdf,ndefects,"A porous g-C3N4 nanosheets containing nitrogen defects for enhanced photocatalytic removal meropenem_ Mechanism, degradation pathway and DFT calculation",2,5,D3-g-C3N4,d3-g-c3n4,defective,ammonium persulfate,none,thermal_polymerization,600.0,4.0,2_4h,air,none,none,nitrogen defects,none,none,melamine,gt600,air,direct_thermal,none_or_baseline,none,porous_holey,unknown,The study focuses on the synthesis of g-C3N4 with nitrogen defects using ammonium persulfate as a co-precursor to enhance photocatalytic activity.,success,
ndefects/ndefects_010.pdf,ndefects_010.pdf,ndefects,"A porous g-C3N4 nanosheets containing nitrogen defects for enhanced photocatalytic removal meropenem_ Mechanism, degradation pathway and DFT calculation",3,5,D1-g-C3N4,,defective,ammonium persulfate,none,thermal_polymerization,500.0,4.0,2_4h,air,none,none,nitrogen defects,none,none,melamine,lt520,air,direct_thermal,none_or_baseline,none,porous_holey,unknown,The study focuses on the synthesis of g-C3N4 with nitrogen defects using ammonium persulfate as a co-precursor to enhance photocatalytic activity.,success,
ndefects/ndefects_010.pdf,ndefects_010.pdf,ndefects,"A porous g-C3N4 nanosheets containing nitrogen defects for enhanced photocatalytic removal meropenem_ Mechanism, degradation pathway and DFT calculation",4,5,D2-g-C3N4,,defective,ammonium persulfate,none,thermal_polymerization,550.0,4.0,2_4h,air,none,none,nitrogen defects,none,none,melamine,520_560,air,direct_thermal,none_or_baseline,none,porous_holey,unknown,The study focuses on the synthesis of g-C3N4 with nitrogen defects using ammonium persulfate as a co-precursor to enhance photocatalytic activity.,success,
ndefects/ndefects_010.pdf,ndefects_010.pdf,ndefects,"A porous g-C3N4 nanosheets containing nitrogen defects for enhanced photocatalytic removal meropenem_ Mechanism, degradation pathway and DFT calculation",5,5,D4-g-C3N4,,defective,ammonium persulfate,none,thermal_polymerization,650.0,4.0,2_4h,air,none,none,nitrogen defects,none,none,melamine,gt600,air,direct_thermal,none_or_baseline,none,porous_holey,unknown,The study focuses on the synthesis of g-C3N4 with nitrogen defects using ammonium persulfate as a co-precursor to enhance photocatalytic activity.,success,
ndefects/ndefects_021.pdf,ndefects_021.pdf,ndefects,Highly efficient visible photocatalytic disinfection and degradation performances of microtubular nanoporous g-C3N4 via hierarchical construction and defects engineering,1,4,TPCN-2,tpcn2,modified,acetic acid,none,solvothermal_exfoliation,520.0,3.0,4_8h,N2,reflux in acetic acid,"centrifugation, washing, drying",none,none,Hierarchical construction and defects engineering,melamine,520_560,N2,hydro_solvothermal_pre,none_or_baseline,none,tubular,unknown,The synthesis involves hierarchical construction and defects engineering of g-C3N4 using acetic acid as a co-precursor in a hydrothermal process.,success,
ndefects/ndefects_021.pdf,ndefects_021.pdf,ndefects,Highly efficient visible photocatalytic disinfection and degradation performances of microtubular nanoporous g-C3N4 via hierarchical construction and defects engineering,2,4,TPCN-5,tpcn5,modified,acetic acid,none,solvothermal_exfoliation,520.0,3.0,4_8h,N2,reflux in acetic acid,"centrifugation, washing, drying",none,none,Hierarchical construction and defects engineering,melamine,520_560,N2,hydro_solvothermal_pre,none_or_baseline,none,tubular,unknown,The synthesis involves hierarchical construction and defects engineering of g-C3N4 using acetic acid as a co-precursor in a hydrothermal process.,success,
ndefects/ndefects_021.pdf,ndefects_021.pdf,ndefects,Highly efficient visible photocatalytic disinfection and degradation performances of microtubular nanoporous g-C3N4 via hierarchical construction and defects engineering,3,4,TPCN-8,tpcn8,modified,acetic acid,none,solvothermal_exfoliation,520.0,3.0,4_8h,N2,reflux in acetic acid,"centrifugation, washing, drying",none,none,Hierarchical construction and defects engineering,melamine,520_560,N2,hydro_solvothermal_pre,none_or_baseline,none,tubular,unknown,The synthesis involves hierarchical construction and defects engineering of g-C3N4 using acetic acid as a co-precursor in a hydrothermal process.,success,
ndefects/ndefects_021.pdf,ndefects_021.pdf,ndefects,Highly efficient visible photocatalytic disinfection and degradation performances of microtubular nanoporous g-C3N4 via hierarchical construction and defects engineering,4,4,BCN,bcn,reference,none,none,thermal_polymerization,520.0,3.0,4_8h,N2,none,none,none,none,Prepared by heating melamine,melamine,520_560,N2,direct_thermal,none_or_baseline,none,bulk,unknown,The synthesis involves hierarchical construction and defects engineering of g-C3N4 using acetic acid as a co-precursor in a hydrothermal process.,success,
ndefects/ndefects_030.pdf,ndefects_030.pdf,ndefects,Enhanced peroxymonosulfate activation on dual active sites of N vacancy modified g-C3N4 under visible-light assistance and its selective removal of organic pollutants,1,4,VCN-500,vcn-500,defective,none,none,solvothermal_exfoliation,500.0,2.5,gt8h,N2,hydrothermal treatment,washing,N vacancy,none,N vacancy introduced by thermal treatment,melamine,lt520,N2,hydro_solvothermal_pre,none_or_baseline,none,bulk,Shimadzu UV-2450,The study focuses on the synthesis of N vacancy modified g-C3N4 using a hydrothermal method followed by thermal treatment in N2 atmosphere.,success,
ndefects/ndefects_030.pdf,ndefects_030.pdf,ndefects,Enhanced peroxymonosulfate activation on dual active sites of N vacancy modified g-C3N4 under visible-light assistance and its selective removal of organic pollutants,2,4,VCN-550,vcn-550,defective,none,none,solvothermal_exfoliation,550.0,2.5,gt8h,N2,hydrothermal treatment,washing,N vacancy,none,N vacancy introduced by thermal treatment,melamine,520_560,N2,hydro_solvothermal_pre,none_or_baseline,none,bulk,Shimadzu UV-2450,The study focuses on the synthesis of N vacancy modified g-C3N4 using a hydrothermal method followed by thermal treatment in N2 atmosphere.,success,
ndefects/ndefects_030.pdf,ndefects_030.pdf,ndefects,Enhanced peroxymonosulfate activation on dual active sites of N vacancy modified g-C3N4 under visible-light assistance and its selective removal of organic pollutants,3,4,VCN-600,vcn-600,defective,none,none,solvothermal_exfoliation,600.0,2.5,gt8h,N2,hydrothermal treatment,washing,N vacancy,none,N vacancy introduced by thermal treatment,melamine,gt600,N2,hydro_solvothermal_pre,none_or_baseline,none,bulk,Shimadzu UV-2450,The study focuses on the synthesis of N vacancy modified g-C3N4 using a hydrothermal method followed by thermal treatment in N2 atmosphere.,success,
ndefects/ndefects_030.pdf,ndefects_030.pdf,ndefects,Enhanced peroxymonosulfate activation on dual active sites of N vacancy modified g-C3N4 under visible-light assistance and its selective removal of organic pollutants,4,4,CN,cn,reference,none,none,thermal_polymerization,550.0,,2_4h,unknown,none,none,none,none,bulk g-C3N4 synthesized for comparison,melamine,520_560,unknown,direct_thermal,none_or_baseline,none,bulk,Shimadzu UV-2450,The study focuses on the synthesis of N vacancy modified g-C3N4 using a hydrothermal method followed by thermal treatment in N2 atmosphere.,success,
ndefects/ndefects_038.pdf,ndefects_038.pdf,ndefects,Enhanced photocatalytic nitrogen fixation of AgI modified g-C3N4 with nitrogen vacancy synthesized by an in-situ decomposition-thermal polymerization method,1,4,CN,cn,reference,none,none,thermal_polymerization,550.0,5.0,4_8h,Ar,none,none,none,none,none,cyanamide,520_560,inert,direct_thermal,none_or_baseline,none,bulk,unknown,"The study focuses on enhancing photocatalytic nitrogen fixation by introducing AgI into g-C3N4, creating nitrogen vacancies through an in-situ decomposition-thermal polymerization method.",success,
ndefects/ndefects_038.pdf,ndefects_038.pdf,ndefects,Enhanced photocatalytic nitrogen fixation of AgI modified g-C3N4 with nitrogen vacancy synthesized by an in-situ decomposition-thermal polymerization method,2,4,1.25-AgI/CN,125agi-cn,defective,AgIO3,none,thermal_polymerization,550.0,5.0,4_8h,Ar,none,none,nitrogen vacancy,dopant_induced,AgI nanoparticles embedded,cyanamide,520_560,inert,direct_thermal,dopant_induced,metal,nanosheets_ultrathin,unknown,"The study focuses on enhancing photocatalytic nitrogen fixation by introducing AgI into g-C3N4, creating nitrogen vacancies through an in-situ decomposition-thermal polymerization method.",success,
ndefects/ndefects_038.pdf,ndefects_038.pdf,ndefects,Enhanced photocatalytic nitrogen fixation of AgI modified g-C3N4 with nitrogen vacancy synthesized by an in-situ decomposition-thermal polymerization method,3,4,2.5-AgI/CN,25agi-cn,defective,AgIO3,none,thermal_polymerization,550.0,5.0,4_8h,Ar,none,none,nitrogen vacancy,dopant_induced,AgI nanoparticles embedded,cyanamide,520_560,inert,direct_thermal,dopant_induced,metal,nanosheets_ultrathin,unknown,"The study focuses on enhancing photocatalytic nitrogen fixation by introducing AgI into g-C3N4, creating nitrogen vacancies through an in-situ decomposition-thermal polymerization method.",success,
ndefects/ndefects_038.pdf,ndefects_038.pdf,ndefects,Enhanced photocatalytic nitrogen fixation of AgI modified g-C3N4 with nitrogen vacancy synthesized by an in-situ decomposition-thermal polymerization method,4,4,5-AgI/CN,5agi-cn,defective,AgIO3,none,thermal_polymerization,550.0,5.0,4_8h,Ar,none,none,nitrogen vacancy,dopant_induced,AgI nanoparticles embedded,cyanamide,520_560,inert,direct_thermal,dopant_induced,metal,nanosheets_ultrathin,unknown,"The study focuses on enhancing photocatalytic nitrogen fixation by introducing AgI into g-C3N4, creating nitrogen vacancies through an in-situ decomposition-thermal polymerization method.",success,
ndefects/ndefects_039.pdf,ndefects_039.pdf,ndefects,g-C3N4 nano-fragments as highly efficient hydrogen evolution photocatalysts_ Boosting effect of nitrogen vacancy,1,6,b-CN,a,reference,none,none,thermal_polymerization,550.0,,2_4h,unknown,none,grinding,none,none,none,melamine,520_560,unknown,direct_thermal,none_or_baseline,none,bulk,unknown,"The synthesis involves thermal treatment of melamine to form bulk g-C3N4, followed by further thermal treatment to create nano-fragments with nitrogen vacancies.",success,
ndefects/ndefects_039.pdf,ndefects_039.pdf,ndefects,g-C3N4 nano-fragments as highly efficient hydrogen evolution photocatalysts_ Boosting effect of nitrogen vacancy,2,6,nano-CN1,f,defective,none,none,thermal_polymerization,650.0,10.0,2_4h,N2,none,grinding,nitrogen vacancy,two_step_overcalcination,none,melamine,gt600,N2,direct_thermal,two_step_overcalcination,none,nanosheets_ultrathin,unknown,"The synthesis involves thermal treatment of melamine to form bulk g-C3N4, followed by further thermal treatment to create nano-fragments with nitrogen vacancies.",success,
ndefects/ndefects_039.pdf,ndefects_039.pdf,ndefects,g-C3N4 nano-fragments as highly efficient hydrogen evolution photocatalysts_ Boosting effect of nitrogen vacancy,3,6,nano-CN2,,defective,none,none,thermal_polymerization,650.0,10.0,4_8h,N2,none,grinding,nitrogen vacancy,two_step_overcalcination,none,melamine,gt600,N2,direct_thermal,two_step_overcalcination,none,nanosheets_ultrathin,unknown,"The synthesis involves thermal treatment of melamine to form bulk g-C3N4, followed by further thermal treatment to create nano-fragments with nitrogen vacancies.",success,
ndefects/ndefects_039.pdf,ndefects_039.pdf,ndefects,g-C3N4 nano-fragments as highly efficient hydrogen evolution photocatalysts_ Boosting effect of nitrogen vacancy,4,6,nano-CN3,,defective,none,none,thermal_polymerization,650.0,10.0,4_8h,N2,none,grinding,nitrogen vacancy,two_step_overcalcination,none,melamine,gt600,N2,direct_thermal,two_step_overcalcination,none,porous_holey,unknown,"The synthesis involves thermal treatment of melamine to form bulk g-C3N4, followed by further thermal treatment to create nano-fragments with nitrogen vacancies.",success,
ndefects/ndefects_039.pdf,ndefects_039.pdf,ndefects,g-C3N4 nano-fragments as highly efficient hydrogen evolution photocatalysts_ Boosting effect of nitrogen vacancy,5,6,nano-CN4,,defective,none,none,thermal_polymerization,650.0,10.0,4_8h,N2,none,grinding,nitrogen vacancy,two_step_overcalcination,none,melamine,gt600,N2,direct_thermal,two_step_overcalcination,none,porous_holey,unknown,"The synthesis involves thermal treatment of melamine to form bulk g-C3N4, followed by further thermal treatment to create nano-fragments with nitrogen vacancies.",success,
ndefects/ndefects_039.pdf,ndefects_039.pdf,ndefects,g-C3N4 nano-fragments as highly efficient hydrogen evolution photocatalysts_ Boosting effect of nitrogen vacancy,6,6,nano-CN5,,defective,none,none,thermal_polymerization,650.0,10.0,gt8h,N2,none,grinding,nitrogen vacancy,two_step_overcalcination,none,melamine,gt600,N2,direct_thermal,two_step_overcalcination,none,porous_holey,unknown,"The synthesis involves thermal treatment of melamine to form bulk g-C3N4, followed by further thermal treatment to create nano-fragments with nitrogen vacancies.",success,
ndefects/ndefects_040.pdf,ndefects_040.pdf,ndefects,Synthesis and photo-catalytic activity of porous g-C3N4: Promotion effect of nitrogen vacancy in H2 evolution and pollutant degradation reactions,1,4,bg-CN,,reference,none,none,thermal_polymerization,550.0,,2_4h,unknown,none,grinding,none,none,initial synthesis before defect introduction,other,520_560,unknown,direct_thermal,none_or_baseline,none,bulk,unknown,The study focuses on the synthesis of porous g-C3N4 with nitrogen vacancies to enhance photocatalytic activity.,success,
ndefects/ndefects_040.pdf,ndefects_040.pdf,ndefects,Synthesis and photo-catalytic activity of porous g-C3N4: Promotion effect of nitrogen vacancy in H2 evolution and pollutant degradation reactions,2,4,NVCN-1,a,defective,none,none,thermal_polymerization,550.0,,2_4h,N2,none,none,nitrogen vacancy,two_step_overcalcination,heat treated to introduce nitrogen vacancies,other,520_560,N2,direct_thermal,two_step_overcalcination,none,porous_holey,unknown,The study focuses on the synthesis of porous g-C3N4 with nitrogen vacancies to enhance photocatalytic activity.,success,
ndefects/ndefects_040.pdf,ndefects_040.pdf,ndefects,Synthesis and photo-catalytic activity of porous g-C3N4: Promotion effect of nitrogen vacancy in H2 evolution and pollutant degradation reactions,3,4,NVCN-2,b,defective,none,none,thermal_polymerization,600.0,,2_4h,N2,none,none,nitrogen vacancy,two_step_overcalcination,heat treated to introduce nitrogen vacancies,other,gt600,N2,direct_thermal,two_step_overcalcination,none,porous_holey,unknown,The study focuses on the synthesis of porous g-C3N4 with nitrogen vacancies to enhance photocatalytic activity.,success,
ndefects/ndefects_040.pdf,ndefects_040.pdf,ndefects,Synthesis and photo-catalytic activity of porous g-C3N4: Promotion effect of nitrogen vacancy in H2 evolution and pollutant degradation reactions,4,4,NVCN-3,,defective,none,none,thermal_polymerization,650.0,,2_4h,N2,none,none,nitrogen vacancy,two_step_overcalcination,heat treated to introduce nitrogen vacancies,other,gt600,N2,direct_thermal,two_step_overcalcination,none,porous_holey,unknown,The study focuses on the synthesis of porous g-C3N4 with nitrogen vacancies to enhance photocatalytic activity.,success,
ndefects/ndefects_042.pdf,ndefects_042.pdf,ndefects,Synthesis of nitrogen vacancies g-C3N4 with increased crystallinity under the controlling of oxalyl dihydrazide: visible-light-driven photocatalytic activity,1,5,pristine carbon nitride (CN),cn,reference,none,none,thermal_polymerization,550.0,5.0,4_8h,air,none,none,none,none,none,urea,520_560,air,direct_thermal,none_or_baseline,none,bulk,"Lambda 950 UV/Vis/NIR Perkin-Elmer, USA","The synthesis involves the use of oxalyl dihydrazide (ODH) to introduce nitrogen vacancies in g-C3N4, enhancing its photocatalytic properties under visible light.",success,
ndefects/ndefects_042.pdf,ndefects_042.pdf,ndefects,Synthesis of nitrogen vacancies g-C3N4 with increased crystallinity under the controlling of oxalyl dihydrazide: visible-light-driven photocatalytic activity,2,5,ODH-CN1,odh-cn1,defective,oxalyl dihydrazide (ODH),none,thermal_polymerization,550.0,5.0,4_8h,air,none,none,nitrogen vacancies,dopant_induced,none,urea,520_560,air,direct_thermal,dopant_induced,none,bulk,"Lambda 950 UV/Vis/NIR Perkin-Elmer, USA","The synthesis involves the use of oxalyl dihydrazide (ODH) to introduce nitrogen vacancies in g-C3N4, enhancing its photocatalytic properties under visible light.",success,
ndefects/ndefects_042.pdf,ndefects_042.pdf,ndefects,Synthesis of nitrogen vacancies g-C3N4 with increased crystallinity under the controlling of oxalyl dihydrazide: visible-light-driven photocatalytic activity,3,5,ODH-CN2,odh-cn2,defective,oxalyl dihydrazide (ODH),none,thermal_polymerization,550.0,5.0,4_8h,air,none,none,nitrogen vacancies,dopant_induced,none,urea,520_560,air,direct_thermal,dopant_induced,none,bulk,"Lambda 950 UV/Vis/NIR Perkin-Elmer, USA","The synthesis involves the use of oxalyl dihydrazide (ODH) to introduce nitrogen vacancies in g-C3N4, enhancing its photocatalytic properties under visible light.",success,
ndefects/ndefects_042.pdf,ndefects_042.pdf,ndefects,Synthesis of nitrogen vacancies g-C3N4 with increased crystallinity under the controlling of oxalyl dihydrazide: visible-light-driven photocatalytic activity,4,5,ODH-CN3,,defective,oxalyl dihydrazide (ODH),none,thermal_polymerization,550.0,5.0,4_8h,air,none,none,nitrogen vacancies,dopant_induced,none,urea,520_560,air,direct_thermal,dopant_induced,none,bulk,"Lambda 950 UV/Vis/NIR Perkin-Elmer, USA","The synthesis involves the use of oxalyl dihydrazide (ODH) to introduce nitrogen vacancies in g-C3N4, enhancing its photocatalytic properties under visible light.",success,
ndefects/ndefects_042.pdf,ndefects_042.pdf,ndefects,Synthesis of nitrogen vacancies g-C3N4 with increased crystallinity under the controlling of oxalyl dihydrazide: visible-light-driven photocatalytic activity,5,5,ODH-CN4,,defective,oxalyl dihydrazide (ODH),none,thermal_polymerization,550.0,5.0,4_8h,air,none,none,nitrogen vacancies,dopant_induced,none,urea,520_560,air,direct_thermal,dopant_induced,none,bulk,"Lambda 950 UV/Vis/NIR Perkin-Elmer, USA","The synthesis involves the use of oxalyl dihydrazide (ODH) to introduce nitrogen vacancies in g-C3N4, enhancing its photocatalytic properties under visible light.",success,
ndefects/ndefects_044.pdf,ndefects_044.pdf,ndefects,Facile one-step synthesis of porous graphene-like g-C3N4 rich in nitrogen vacancies for enhanced H2 production from photocatalytic aqueous-phase reforming of methanol,1,4,Bulk g-C3N4,cnm,reference,none,none,thermal_polymerization,550.0,3.0,4_8h,unknown,none,none,none,none,none,melamine,520_560,unknown,direct_thermal,none_or_baseline,none,bulk,Hitachi U-3900,The study focuses on creating nitrogen vacancies in g-C3N4 using GO as a template to enhance photocatalytic H2 production.,success,
ndefects/ndefects_044.pdf,ndefects_044.pdf,ndefects,Facile one-step synthesis of porous graphene-like g-C3N4 rich in nitrogen vacancies for enhanced H2 production from photocatalytic aqueous-phase reforming of methanol,2,4,NS-CNM-0.1,,defective,GO,none,thermal_polymerization,550.0,3.0,4_8h,unknown,none,none,nitrogen vacancies,none,GO used as template,melamine,520_560,unknown,template_assisted,none_or_baseline,none,porous_holey,Hitachi U-3900,The study focuses on creating nitrogen vacancies in g-C3N4 using GO as a template to enhance photocatalytic H2 production.,success,
ndefects/ndefects_044.pdf,ndefects_044.pdf,ndefects,Facile one-step synthesis of porous graphene-like g-C3N4 rich in nitrogen vacancies for enhanced H2 production from photocatalytic aqueous-phase reforming of methanol,3,4,NS-CNM-0.2,,defective,GO,none,thermal_polymerization,550.0,3.0,4_8h,unknown,none,none,nitrogen vacancies,none,GO used as template,melamine,520_560,unknown,template_assisted,none_or_baseline,none,porous_holey,Hitachi U-3900,The study focuses on creating nitrogen vacancies in g-C3N4 using GO as a template to enhance photocatalytic H2 production.,success,
ndefects/ndefects_044.pdf,ndefects_044.pdf,ndefects,Facile one-step synthesis of porous graphene-like g-C3N4 rich in nitrogen vacancies for enhanced H2 production from photocatalytic aqueous-phase reforming of methanol,4,4,NS-CNM-0.3,,defective,GO,none,thermal_polymerization,550.0,3.0,4_8h,unknown,none,none,nitrogen vacancies,none,GO used as template,melamine,520_560,unknown,template_assisted,none_or_baseline,none,porous_holey,Hitachi U-3900,The study focuses on creating nitrogen vacancies in g-C3N4 using GO as a template to enhance photocatalytic H2 production.,success,
ndefects/ndefects_045.pdf,ndefects_045.pdf,ndefects,,1,7,F2,f2,modified,cyanuric acid,none,supramolecular,500.0,,2_4h,air,none,none,none,none,flower-like morphology,melamine,lt520,air,supramolecular_preassembly,none_or_baseline,none,porous_holey,Shimadzu UV-2550,"The synthesis involves supramolecular preassembly of melamine and cyanuric acid, followed by calcination to form flower-like g-C3N4 structures.",success,
ndefects/ndefects_045.pdf,ndefects_045.pdf,ndefects,,2,7,F4,f4,modified,cyanuric acid,none,supramolecular,500.0,,2_4h,air,none,none,none,none,flower-like morphology,melamine,lt520,air,supramolecular_preassembly,none_or_baseline,none,porous_holey,Shimadzu UV-2550,"The synthesis involves supramolecular preassembly of melamine and cyanuric acid, followed by calcination to form flower-like g-C3N4 structures.",success,
ndefects/ndefects_045.pdf,ndefects_045.pdf,ndefects,,3,7,F6,f6,modified,cyanuric acid,none,supramolecular,500.0,,4_8h,air,none,none,none,none,flower-like morphology,melamine,lt520,air,supramolecular_preassembly,none_or_baseline,none,porous_holey,Shimadzu UV-2550,"The synthesis involves supramolecular preassembly of melamine and cyanuric acid, followed by calcination to form flower-like g-C3N4 structures.",success,
ndefects/ndefects_045.pdf,ndefects_045.pdf,ndefects,,4,7,F8,f8,modified,cyanuric acid,none,supramolecular,500.0,,4_8h,air,none,none,none,none,flower-like morphology,melamine,lt520,air,supramolecular_preassembly,none_or_baseline,none,porous_holey,Shimadzu UV-2550,"The synthesis involves supramolecular preassembly of melamine and cyanuric acid, followed by calcination to form flower-like g-C3N4 structures.",success,
ndefects/ndefects_045.pdf,ndefects_045.pdf,ndefects,,5,7,F10,f10,modified,cyanuric acid,none,supramolecular,500.0,,gt8h,air,none,none,none,none,flower-like morphology,melamine,lt520,air,supramolecular_preassembly,none_or_baseline,none,porous_holey,Shimadzu UV-2550,"The synthesis involves supramolecular preassembly of melamine and cyanuric acid, followed by calcination to form flower-like g-C3N4 structures.",success,
ndefects/ndefects_045.pdf,ndefects_045.pdf,ndefects,,6,7,F12,f12,modified,cyanuric acid,none,supramolecular,500.0,,gt8h,air,none,none,none,none,flower-like morphology,melamine,lt520,air,supramolecular_preassembly,none_or_baseline,none,porous_holey,Shimadzu UV-2550,"The synthesis involves supramolecular preassembly of melamine and cyanuric acid, followed by calcination to form flower-like g-C3N4 structures.",success,
ndefects/ndefects_045.pdf,ndefects_045.pdf,ndefects,,7,7,B10,b10,reference,none,none,thermal_polymerization,500.0,,gt8h,air,none,none,none,none,bulk morphology,melamine,lt520,air,direct_thermal,none_or_baseline,none,bulk,Shimadzu UV-2550,"The synthesis involves supramolecular preassembly of melamine and cyanuric acid, followed by calcination to form flower-like g-C3N4 structures.",success,
ndefects/ndefects_046.pdf,ndefects_046.pdf,ndefects,C3N4 with engineered three coordinated (N3C) nitrogen vacancy boosts the production of 1O2 for Efficient and stable NO photo-oxidation,1,7,AC-CN1,ac-cn4,defective,AC,none,thermal_polymerization,500.0,,2_4h,unknown,none,none,nitrogen vacancy,none,Engineered three-coordinated nitrogen vacancy,melamine,lt520,unknown,direct_thermal,none_or_baseline,none,bulk,Shimadzu UV-3600,The study focuses on creating nitrogen vacancies in g-C3N4 to enhance photocatalytic activity for NO oxidation.,success,
ndefects/ndefects_046.pdf,ndefects_046.pdf,ndefects,C3N4 with engineered three coordinated (N3C) nitrogen vacancy boosts the production of 1O2 for Efficient and stable NO photo-oxidation,2,7,AC-CN2,,defective,AC,none,thermal_polymerization,500.0,,2_4h,unknown,none,none,nitrogen vacancy,none,Engineered three-coordinated nitrogen vacancy,melamine,lt520,unknown,direct_thermal,none_or_baseline,none,bulk,Shimadzu UV-3600,The study focuses on creating nitrogen vacancies in g-C3N4 to enhance photocatalytic activity for NO oxidation.,success,
ndefects/ndefects_046.pdf,ndefects_046.pdf,ndefects,C3N4 with engineered three coordinated (N3C) nitrogen vacancy boosts the production of 1O2 for Efficient and stable NO photo-oxidation,3,7,AC-CN3,,defective,AC,none,thermal_polymerization,500.0,,2_4h,unknown,none,none,nitrogen vacancy,none,Engineered three-coordinated nitrogen vacancy,melamine,lt520,unknown,direct_thermal,none_or_baseline,none,bulk,Shimadzu UV-3600,The study focuses on creating nitrogen vacancies in g-C3N4 to enhance photocatalytic activity for NO oxidation.,success,
ndefects/ndefects_046.pdf,ndefects_046.pdf,ndefects,C3N4 with engineered three coordinated (N3C) nitrogen vacancy boosts the production of 1O2 for Efficient and stable NO photo-oxidation,4,7,AC-CN4,,defective,AC,none,thermal_polymerization,500.0,,2_4h,unknown,none,none,nitrogen vacancy,none,Engineered three-coordinated nitrogen vacancy,melamine,lt520,unknown,direct_thermal,none_or_baseline,none,bulk,Shimadzu UV-3600,The study focuses on creating nitrogen vacancies in g-C3N4 to enhance photocatalytic activity for NO oxidation.,success,
ndefects/ndefects_046.pdf,ndefects_046.pdf,ndefects,C3N4 with engineered three coordinated (N3C) nitrogen vacancy boosts the production of 1O2 for Efficient and stable NO photo-oxidation,5,7,AC-CN5,,defective,AC,none,thermal_polymerization,500.0,,2_4h,unknown,none,none,nitrogen vacancy,none,Engineered three-coordinated nitrogen vacancy,melamine,lt520,unknown,direct_thermal,none_or_baseline,none,bulk,Shimadzu UV-3600,The study focuses on creating nitrogen vacancies in g-C3N4 to enhance photocatalytic activity for NO oxidation.,success,
ndefects/ndefects_046.pdf,ndefects_046.pdf,ndefects,C3N4 with engineered three coordinated (N3C) nitrogen vacancy boosts the production of 1O2 for Efficient and stable NO photo-oxidation,6,7,AC-CN6,,defective,AC,none,thermal_polymerization,500.0,,2_4h,unknown,none,none,nitrogen vacancy,none,Engineered three-coordinated nitrogen vacancy,melamine,lt520,unknown,direct_thermal,none_or_baseline,none,bulk,Shimadzu UV-3600,The study focuses on creating nitrogen vacancies in g-C3N4 to enhance photocatalytic activity for NO oxidation.,success,
ndefects/ndefects_046.pdf,ndefects_046.pdf,ndefects,C3N4 with engineered three coordinated (N3C) nitrogen vacancy boosts the production of 1O2 for Efficient and stable NO photo-oxidation,7,7,CN,cn,reference,none,none,thermal_polymerization,500.0,,2_4h,unknown,none,none,none,none,Bulk g-C3N4 for comparison,melamine,lt520,unknown,direct_thermal,none_or_baseline,none,bulk,Shimadzu UV-3600,The study focuses on creating nitrogen vacancies in g-C3N4 to enhance photocatalytic activity for NO oxidation.,success,
ndefects/ndefects_048.pdf,ndefects_048.pdf,ndefects,Nitrogen vacancy engineered graphitic C3N4-based polymers for photocatalytic oxidation of aromatic alcohols to aldehydes,1,5,CNNA (0.3),,defective,nitric acid,none,thermal_polymerization,550.0,5.0,4_8h,air,nitric acid pretreatment,none,nitrogen vacancies,chemical treatment,Nitric acid to melamine mole ratio: 0.3,melamine,520_560,air,direct_thermal,none_or_baseline,none,bulk,Shimadzu UV-3600 UV-vis-NIR spectrophotometer,The study focuses on nitrogen vacancy engineering in g-C3N4 using nitric acid pretreatment to enhance photocatalytic properties.,success,
ndefects/ndefects_048.pdf,ndefects_048.pdf,ndefects,Nitrogen vacancy engineered graphitic C3N4-based polymers for photocatalytic oxidation of aromatic alcohols to aldehydes,2,5,CNNA (0.9),cnna-15,defective,nitric acid,none,thermal_polymerization,550.0,5.0,4_8h,air,nitric acid pretreatment,none,nitrogen vacancies,chemical treatment,Nitric acid to melamine mole ratio: 0.9,melamine,520_560,air,direct_thermal,none_or_baseline,none,bulk,Shimadzu UV-3600 UV-vis-NIR spectrophotometer,The study focuses on nitrogen vacancy engineering in g-C3N4 using nitric acid pretreatment to enhance photocatalytic properties.,success,
ndefects/ndefects_048.pdf,ndefects_048.pdf,ndefects,Nitrogen vacancy engineered graphitic C3N4-based polymers for photocatalytic oxidation of aromatic alcohols to aldehydes,3,5,CNNA (1.5),,defective,nitric acid,none,thermal_polymerization,550.0,5.0,4_8h,air,nitric acid pretreatment,none,nitrogen vacancies,chemical treatment,Nitric acid to melamine mole ratio: 1.5,melamine,520_560,air,direct_thermal,none_or_baseline,none,bulk,Shimadzu UV-3600 UV-vis-NIR spectrophotometer,The study focuses on nitrogen vacancy engineering in g-C3N4 using nitric acid pretreatment to enhance photocatalytic properties.,success,
ndefects/ndefects_048.pdf,ndefects_048.pdf,ndefects,Nitrogen vacancy engineered graphitic C3N4-based polymers for photocatalytic oxidation of aromatic alcohols to aldehydes,4,5,CNNA (2.1),,defective,nitric acid,none,thermal_polymerization,550.0,5.0,4_8h,air,nitric acid pretreatment,none,nitrogen vacancies,chemical treatment,Nitric acid to melamine mole ratio: 2.1,melamine,520_560,air,direct_thermal,none_or_baseline,none,bulk,Shimadzu UV-3600 UV-vis-NIR spectrophotometer,The study focuses on nitrogen vacancy engineering in g-C3N4 using nitric acid pretreatment to enhance photocatalytic properties.,success,
ndefects/ndefects_048.pdf,ndefects_048.pdf,ndefects,Nitrogen vacancy engineered graphitic C3N4-based polymers for photocatalytic oxidation of aromatic alcohols to aldehydes,5,5,pure g-C3N4,g-c3n4,reference,none,none,thermal_polymerization,550.0,5.0,4_8h,air,none,none,none,none,Prepared without nitric acid,melamine,520_560,air,direct_thermal,none_or_baseline,none,bulk,Shimadzu UV-3600 UV-vis-NIR spectrophotometer,The study focuses on nitrogen vacancy engineering in g-C3N4 using nitric acid pretreatment to enhance photocatalytic properties.,success,
ndefects/ndefects_055.pdf,ndefects_055.pdf,ndefects,Effect of N content in g-C3N4 as metal-free catalyst on H2O2 decomposition for MB degradation,1,2,CN-S,cn-s,reference,none,none,thermal_polymerization,550.0,,2_4h,air,none,none,none,none,none,urea,520_560,air,direct_thermal,none_or_baseline,none,bulk,Cary 5000 UV–vis spectrophotometer,"The study investigates the effect of nitrogen content in g-C3N4 on its catalytic performance for H2O2 decomposition, using different synthesis atmospheres to create variations in nitrogen content and defect structures.",success,
ndefects/ndefects_055.pdf,ndefects_055.pdf,ndefects,Effect of N content in g-C3N4 as metal-free catalyst on H2O2 decomposition for MB degradation,2,2,CN-N,cn-n,defective,none,none,thermal_polymerization,550.0,,2_4h,N2,none,none,carbon vacancies,none,C-C bond conversion to C-N bond,urea,520_560,N2,direct_thermal,none_or_baseline,none,bulk,Cary 5000 UV–vis spectrophotometer,"The study investigates the effect of nitrogen content in g-C3N4 on its catalytic performance for H2O2 decomposition, using different synthesis atmospheres to create variations in nitrogen content and defect structures.",success,
ndefects/ndefects_057.pdf,ndefects_057.pdf,ndefects,Roles of N-Vacancies over Porous g-C3N4 Microtubes during Photocatalytic NOx Removal,1,4,CN,,reference,none,none,thermal_polymerization,550.0,,gt8h,N2,none,none,none,none,Pristine g-C3N4 synthesized by direct calcination,melamine,520_560,N2,direct_thermal,none_or_baseline,none,bulk,Varian Cary 100 Scan UV−visible spectrophotometer,The study focuses on the synthesis of porous g-C3N4 microtubes with tunable N-vacancy concentrations using a supramolecular approach involving melamine and calcination under nitrogen atmosphere.,success,
ndefects/ndefects_057.pdf,ndefects_057.pdf,ndefects,Roles of N-Vacancies over Porous g-C3N4 Microtubes during Photocatalytic NOx Removal,2,4,CNT-8,cnt-8,defective,none,none,supramolecular,550.0,2.5,gt8h,N2,none,washing,N-vacancy,two_step_overcalcination,Porous g-C3N4 microtubes with N-vacancies,melamine,520_560,N2,supramolecular_preassembly,none_or_baseline,none,tubular,Varian Cary 100 Scan UV−visible spectrophotometer,The study focuses on the synthesis of porous g-C3N4 microtubes with tunable N-vacancy concentrations using a supramolecular approach involving melamine and calcination under nitrogen atmosphere.,success,
ndefects/ndefects_057.pdf,ndefects_057.pdf,ndefects,Roles of N-Vacancies over Porous g-C3N4 Microtubes during Photocatalytic NOx Removal,3,4,CNT-12,cnt-12,defective,none,none,supramolecular,550.0,2.5,gt8h,N2,none,washing,N-vacancy,two_step_overcalcination,Porous g-C3N4 microtubes with N-vacancies,melamine,520_560,N2,supramolecular_preassembly,none_or_baseline,none,tubular,Varian Cary 100 Scan UV−visible spectrophotometer,The study focuses on the synthesis of porous g-C3N4 microtubes with tunable N-vacancy concentrations using a supramolecular approach involving melamine and calcination under nitrogen atmosphere.,success,
ndefects/ndefects_057.pdf,ndefects_057.pdf,ndefects,Roles of N-Vacancies over Porous g-C3N4 Microtubes during Photocatalytic NOx Removal,4,4,CNT-16,cnt-16,defective,none,none,supramolecular,550.0,2.5,gt8h,N2,none,washing,N-vacancy,two_step_overcalcination,Porous g-C3N4 microtubes with N-vacancies,melamine,520_560,N2,supramolecular_preassembly,none_or_baseline,none,tubular,Varian Cary 100 Scan UV−visible spectrophotometer,The study focuses on the synthesis of porous g-C3N4 microtubes with tunable N-vacancy concentrations using a supramolecular approach involving melamine and calcination under nitrogen atmosphere.,success,
ndefects/ndefects_060.pdf,ndefects_060.pdf,ndefects,am9b19338 1..11,1,6,GCN,gcn,reference,none,none,thermal_polymerization,550.0,4.0,4_8h,N2/H2,none,none,none,none,none,melamine,520_560,reducing,direct_thermal,none_or_baseline,none,bulk,UV-3600,The synthesis involves high-temperature thermal condensation polymerization with varying amounts of TAP as a modifier.,success,
ndefects/ndefects_060.pdf,ndefects_060.pdf,ndefects,am9b19338 1..11,2,6,GCN-0TAP,gcn-0tap,modified,cyanuric acid,none,thermal_polymerization,550.0,4.0,4_8h,N2/H2,none,none,none,none,none,melamine,520_560,reducing,supramolecular_preassembly,none_or_baseline,none,bulk,UV-3600,The synthesis involves high-temperature thermal condensation polymerization with varying amounts of TAP as a modifier.,success,
ndefects/ndefects_060.pdf,ndefects_060.pdf,ndefects,am9b19338 1..11,3,6,GCN-0.25TAP,,modified,cyanuric acid,none,thermal_polymerization,550.0,4.0,4_8h,N2/H2,none,none,none,none,none,melamine,520_560,reducing,supramolecular_preassembly,none_or_baseline,none,bulk,UV-3600,The synthesis involves high-temperature thermal condensation polymerization with varying amounts of TAP as a modifier.,success,
ndefects/ndefects_060.pdf,ndefects_060.pdf,ndefects,am9b19338 1..11,4,6,GCN-0.5TAP,,modified,cyanuric acid,none,thermal_polymerization,550.0,4.0,4_8h,N2/H2,none,none,none,none,none,melamine,520_560,reducing,supramolecular_preassembly,none_or_baseline,none,bulk,UV-3600,The synthesis involves high-temperature thermal condensation polymerization with varying amounts of TAP as a modifier.,success,
ndefects/ndefects_060.pdf,ndefects_060.pdf,ndefects,am9b19338 1..11,5,6,GCN-0.75TAP,,modified,cyanuric acid,none,thermal_polymerization,550.0,4.0,4_8h,N2/H2,none,none,none,none,none,melamine,520_560,reducing,supramolecular_preassembly,none_or_baseline,none,bulk,UV-3600,The synthesis involves high-temperature thermal condensation polymerization with varying amounts of TAP as a modifier.,success,
ndefects/ndefects_060.pdf,ndefects_060.pdf,ndefects,am9b19338 1..11,6,6,GCN-1TAP,,modified,cyanuric acid,none,thermal_polymerization,550.0,4.0,4_8h,N2/H2,none,none,none,none,none,melamine,520_560,reducing,supramolecular_preassembly,none_or_baseline,none,bulk,UV-3600,The synthesis involves high-temperature thermal condensation polymerization with varying amounts of TAP as a modifier.,success,
ndefects/ndefects_062.pdf,ndefects_062.pdf,ndefects,Facile synthesis of self-assembled g-C3N4 with abundant nitrogen defects for photocatalytic hydrogen evolution,1,5,CN,cn,reference,none,none,thermal_polymerization,550.0,2.3,4_8h,air,none,none,none,none,none,melamine,520_560,air,direct_thermal,none_or_baseline,none,bulk,Hitachi UV-3010,The study focuses on the synthesis of g-C3N4 with nitrogen defects using acid treatment and solvothermal methods.,success,
ndefects/ndefects_062.pdf,ndefects_062.pdf,ndefects,Facile synthesis of self-assembled g-C3N4 with abundant nitrogen defects for photocatalytic hydrogen evolution,2,5,CN-5,,defective,ethanol,none,solvothermal_exfoliation,550.0,2.3,gt8h,N2,acid treatment with HNO3,washing with water and ethanol,nitrogen defects,acid treatment,none,melamine,520_560,N2,hydro_solvothermal_pre,none_or_baseline,none,bulk,Hitachi UV-3010,The study focuses on the synthesis of g-C3N4 with nitrogen defects using acid treatment and solvothermal methods.,success,
ndefects/ndefects_062.pdf,ndefects_062.pdf,ndefects,Facile synthesis of self-assembled g-C3N4 with abundant nitrogen defects for photocatalytic hydrogen evolution,3,5,CN-10,,defective,ethanol,none,solvothermal_exfoliation,550.0,2.3,gt8h,N2,acid treatment with HNO3,washing with water and ethanol,nitrogen defects,acid treatment,none,melamine,520_560,N2,hydro_solvothermal_pre,none_or_baseline,none,bulk,Hitachi UV-3010,The study focuses on the synthesis of g-C3N4 with nitrogen defects using acid treatment and solvothermal methods.,success,
ndefects/ndefects_062.pdf,ndefects_062.pdf,ndefects,Facile synthesis of self-assembled g-C3N4 with abundant nitrogen defects for photocatalytic hydrogen evolution,4,5,CN-15,,defective,ethanol,none,solvothermal_exfoliation,550.0,2.3,gt8h,N2,acid treatment with HNO3,washing with water and ethanol,nitrogen defects,acid treatment,none,melamine,520_560,N2,hydro_solvothermal_pre,none_or_baseline,none,bulk,Hitachi UV-3010,The study focuses on the synthesis of g-C3N4 with nitrogen defects using acid treatment and solvothermal methods.,success,
ndefects/ndefects_062.pdf,ndefects_062.pdf,ndefects,Facile synthesis of self-assembled g-C3N4 with abundant nitrogen defects for photocatalytic hydrogen evolution,5,5,CN-20,,defective,ethanol,none,solvothermal_exfoliation,550.0,2.3,gt8h,N2,acid treatment with HNO3,washing with water and ethanol,nitrogen defects,acid treatment,none,melamine,520_560,N2,hydro_solvothermal_pre,none_or_baseline,none,bulk,Hitachi UV-3010,The study focuses on the synthesis of g-C3N4 with nitrogen defects using acid treatment and solvothermal methods.,success,
ndefects/ndefects_067.pdf,ndefects_067.pdf,ndefects,,1,3,CCN-P,,modified,NaCl/KCl,none,thermal_polymerization,550.0,5.0,4_8h,Ar,tablet pressing,washing and drying,none,none,High-pressure regulation during synthesis,melamine,520_560,inert,direct_thermal,none_or_baseline,none,bulk,Perkin Elmer Lambda 950,"The synthesis involves thermal polymerization of melamine with or without pressure regulation, using NaCl/KCl as co-precursors for modified samples.",success,
ndefects/ndefects_067.pdf,ndefects_067.pdf,ndefects,,2,3,CCN-NP,,modified,NaCl/KCl,none,thermal_polymerization,550.0,5.0,4_8h,Ar,none,washing and drying,none,none,No pressure regulation during synthesis,melamine,520_560,inert,direct_thermal,none_or_baseline,none,bulk,Perkin Elmer Lambda 950,"The synthesis involves thermal polymerization of melamine with or without pressure regulation, using NaCl/KCl as co-precursors for modified samples.",success,
ndefects/ndefects_067.pdf,ndefects_067.pdf,ndefects,,3,3,CN-B,cn-b,reference,none,none,thermal_polymerization,550.0,5.0,4_8h,Ar,none,none,none,none,Bulk g-C3N4 for comparison,melamine,520_560,inert,direct_thermal,none_or_baseline,none,bulk,Perkin Elmer Lambda 950,"The synthesis involves thermal polymerization of melamine with or without pressure regulation, using NaCl/KCl as co-precursors for modified samples.",success,
ndefects/ndefects_069.pdf,ndefects_069.pdf,ndefects,Generation Mechanism of the Defects in g-C3N4 Synthesized in N2 Atmosphere and the Method for Improving Photocatalysis Activity,1,4,HN-CN,,defective,ethylene glycol,none,thermal_polymerization,550.0,5.0,gt8h,N2,protonation with nitric acid,none,moderate quantity of defects,none_or_baseline,Protonated melamine precursor used,melamine,520_560,N2,direct_thermal,none_or_baseline,none,bulk,Lambda 1050+,The study investigates the synthesis of g-C3N4 with varying defect levels and atmospheres to enhance photocatalytic activity.,success,
ndefects/ndefects_069.pdf,ndefects_069.pdf,ndefects,Generation Mechanism of the Defects in g-C3N4 Synthesized in N2 Atmosphere and the Method for Improving Photocatalysis Activity,2,4,CN,cn,reference,none,none,thermal_polymerization,550.0,5.0,gt8h,air,none,none,none,none_or_baseline,Pristine g-C3N4,melamine,520_560,air,direct_thermal,none_or_baseline,none,bulk,Lambda 1050+,The study investigates the synthesis of g-C3N4 with varying defect levels and atmospheres to enhance photocatalytic activity.,success,
ndefects/ndefects_069.pdf,ndefects_069.pdf,ndefects,Generation Mechanism of the Defects in g-C3N4 Synthesized in N2 Atmosphere and the Method for Improving Photocatalysis Activity,3,4,N-CN,n-cn,defective,none,none,thermal_polymerization,550.0,5.0,gt8h,N2,none,none,large quantity of defects,none_or_baseline,Defective g-C3N4,melamine,520_560,N2,direct_thermal,none_or_baseline,none,bulk,Lambda 1050+,The study investigates the synthesis of g-C3N4 with varying defect levels and atmospheres to enhance photocatalytic activity.,success,
ndefects/ndefects_069.pdf,ndefects_069.pdf,ndefects,Generation Mechanism of the Defects in g-C3N4 Synthesized in N2 Atmosphere and the Method for Improving Photocatalysis Activity,4,4,H-CN,h-cn,modified,none,none,thermal_polymerization,550.0,5.0,gt8h,air,protonation with nitric acid,none,none,none_or_baseline,High polymerization g-C3N4,melamine,520_560,air,direct_thermal,none_or_baseline,none,bulk,Lambda 1050+,The study investigates the synthesis of g-C3N4 with varying defect levels and atmospheres to enhance photocatalytic activity.,success,
ndefects/ndefects_073.pdf,ndefects_073.pdf,ndefects,Structural Distortion of g-C3N4 Induced by N-Defects for Enhanced Photocatalytic Hydrogen Evolution,1,2,ND-g-C3N4,nd-g-c3n4,defective,ammonium acetate,none,thermal_polymerization,550.0,3.0,4_8h,unknown,none,none,N-defects,none,N-defects induced by ammonium acetate,melamine,520_560,unknown,direct_thermal,none_or_baseline,none,bulk,Shimadz UV-Vis spectrometer,The study focuses on the structural distortion of g-C3N4 induced by N-defects for enhanced photocatalytic hydrogen evolution.,success,
ndefects/ndefects_073.pdf,ndefects_073.pdf,ndefects,Structural Distortion of g-C3N4 Induced by N-Defects for Enhanced Photocatalytic Hydrogen Evolution,2,2,g-C3N4,g-c3n4,reference,none,none,thermal_polymerization,550.0,3.0,4_8h,unknown,none,none,none,none,prepared by direct calcination of melamine,melamine,520_560,unknown,direct_thermal,none_or_baseline,none,bulk,Shimadz UV-Vis spectrometer,The study focuses on the structural distortion of g-C3N4 induced by N-defects for enhanced photocatalytic hydrogen evolution.,success,
ndefects/ndefects_077.pdf,ndefects_077.pdf,ndefects,,1,2,g-C3N4,g-c3n4,reference,none,none,thermal_polymerization,550.0,10.0,4_8h,Ar,none,none,none,none,none,melamine,520_560,inert,direct_thermal,none_or_baseline,none,bulk,unknown,The synthesis involves a two-step thermal polymerization process under an argon atmosphere.,success,
ndefects/ndefects_077.pdf,ndefects_077.pdf,ndefects,,2,2,p-C3N4,,modified,none,none,thermal_polymerization,620.0,10.0,4_8h,Ar,none,none,none,two_step_overcalcination,none,melamine,gt600,inert,direct_thermal,two_step_overcalcination,none,porous_holey,unknown,The synthesis involves a two-step thermal polymerization process under an argon atmosphere.,success,
ndefects/ndefects_080.pdf,ndefects_080.pdf,ndefects,Reductive Modification of Carbon Nitride Structure by Metals—The Influence on Structure and Photocatalytic Hydrogen Evolution,1,5,CN,cn,reference,none,none,thermal_polymerization,600.0,10.0,4_8h,air,none,none,none,none,none,cyanamide,gt600,air,direct_thermal,none_or_baseline,none,bulk,Jasco V-670,The study focuses on the reductive modification of g-C3N4 with metals to enhance photocatalytic hydrogen evolution.,success,
ndefects/ndefects_080.pdf,ndefects_080.pdf,ndefects,Reductive Modification of Carbon Nitride Structure by Metals—The Influence on Structure and Photocatalytic Hydrogen Evolution,2,5,CNr,cnr,modified,none,none,thermal_polymerization,300.0,10.0,4_8h,reducing,none,none,none,none,Reduced under hydrogen atmosphere,cyanamide,lt520,reducing,direct_thermal,none_or_baseline,none,bulk,Jasco V-670,The study focuses on the reductive modification of g-C3N4 with metals to enhance photocatalytic hydrogen evolution.,success,
ndefects/ndefects_080.pdf,ndefects_080.pdf,ndefects,Reductive Modification of Carbon Nitride Structure by Metals—The Influence on Structure and Photocatalytic Hydrogen Evolution,3,5,Pt,pt,doped,none,Pt,other,300.0,10.0,4_8h,reducing,none,none,none,none,Metallic Pt loading via wet impregnation,cyanamide,lt520,reducing,direct_thermal,dopant_induced,metal,bulk,Jasco V-670,The study focuses on the reductive modification of g-C3N4 with metals to enhance photocatalytic hydrogen evolution.,success,
ndefects/ndefects_080.pdf,ndefects_080.pdf,ndefects,Reductive Modification of Carbon Nitride Structure by Metals—The Influence on Structure and Photocatalytic Hydrogen Evolution,4,5,Ru,ru,doped,none,Ru,other,300.0,10.0,4_8h,reducing,none,none,none,none,Metallic Ru loading via wet impregnation,cyanamide,lt520,reducing,direct_thermal,dopant_induced,metal,bulk,Jasco V-670,The study focuses on the reductive modification of g-C3N4 with metals to enhance photocatalytic hydrogen evolution.,success,
ndefects/ndefects_080.pdf,ndefects_080.pdf,ndefects,Reductive Modification of Carbon Nitride Structure by Metals—The Influence on Structure and Photocatalytic Hydrogen Evolution,5,5,Ir,ir,doped,none,Ir,other,300.0,10.0,4_8h,reducing,none,none,none,none,Metallic Ir loading via wet impregnation,cyanamide,lt520,reducing,direct_thermal,dopant_induced,metal,bulk,Jasco V-670,The study focuses on the reductive modification of g-C3N4 with metals to enhance photocatalytic hydrogen evolution.,success,
ndefects/ndefects_083.pdf,ndefects_083.pdf,ndefects,Defect-amplified selective photocatalysis for enhanced phenol degradation over glucose on sulfuric-acid-treated g-C3N4,1,2,GCN,gcn,reference,none,none,thermal_polymerization,550.0,2.2,4_8h,Ar,none,none,none,none,none,cyanamide,520_560,inert,direct_thermal,none_or_baseline,none,bulk,Shimadzu UV-2600I,The study focuses on defect-amplified photocatalysis using sulfuric-acid-treated g-C3N4 for enhanced phenol degradation.,success,
ndefects/ndefects_083.pdf,ndefects_083.pdf,ndefects,Defect-amplified selective photocatalysis for enhanced phenol degradation over glucose on sulfuric-acid-treated g-C3N4,2,2,GCN-S,gcn-s,defective,none,none,thermal_polymerization,550.0,2.2,4_8h,Ar,none,acid treatment,acid-induced defects,acid treatment,Sulfuric acid treatment to introduce defects,cyanamide,520_560,inert,direct_thermal,none_or_baseline,none,bulk,Shimadzu UV-2600I,The study focuses on defect-amplified photocatalysis using sulfuric-acid-treated g-C3N4 for enhanced phenol degradation.,success,
ndefects/ndefects_086.pdf,ndefects_086.pdf,ndefects,,1,5,g-C3N4-U,cn-u,reference,none,none,thermal_polymerization,520.0,2.0,4_8h,unknown,grinding,none,none,none,none,urea,520_560,unknown,direct_thermal,none_or_baseline,none,bulk,"U-3900, Hitachi, Japan","The synthesis involves thermal polymerization of urea and melamine, followed by a molten salt method for nanosheet formation.",success,
ndefects/ndefects_086.pdf,ndefects_086.pdf,ndefects,,2,5,g-C3N4-M,cn-m,reference,none,none,thermal_polymerization,520.0,2.0,4_8h,unknown,grinding,none,none,none,none,melamine,520_560,unknown,direct_thermal,none_or_baseline,none,bulk,"U-3900, Hitachi, Japan","The synthesis involves thermal polymerization of urea and melamine, followed by a molten salt method for nanosheet formation.",success,
ndefects/ndefects_086.pdf,ndefects_086.pdf,ndefects,,3,5,g-C3N4-U10M,cn-u10m,modified,melamine,none,thermal_polymerization,520.0,2.0,4_8h,unknown,grinding,none,none,none,molar ratio of urea to melamine is 10,urea,520_560,unknown,direct_thermal,none_or_baseline,none,bulk,"U-3900, Hitachi, Japan","The synthesis involves thermal polymerization of urea and melamine, followed by a molten salt method for nanosheet formation.",success,
ndefects/ndefects_086.pdf,ndefects_086.pdf,ndefects,,4,5,g-C3N4-U20M,,modified,melamine,none,thermal_polymerization,520.0,2.0,4_8h,unknown,grinding,none,none,none,molar ratio of urea to melamine is 20,urea,520_560,unknown,direct_thermal,none_or_baseline,none,bulk,"U-3900, Hitachi, Japan","The synthesis involves thermal polymerization of urea and melamine, followed by a molten salt method for nanosheet formation.",success,
ndefects/ndefects_086.pdf,ndefects_086.pdf,ndefects,,5,5,g-C3N4-U30M,cn-u30m,modified,melamine,none,thermal_polymerization,520.0,2.0,4_8h,unknown,grinding,none,none,none,molar ratio of urea to melamine is 30,urea,520_560,unknown,direct_thermal,none_or_baseline,none,bulk,"U-3900, Hitachi, Japan","The synthesis involves thermal polymerization of urea and melamine, followed by a molten salt method for nanosheet formation.",success,
ndefects/ndefects_087.pdf,ndefects_087.pdf,ndefects,,1,4,CN,cn,reference,none,none,thermal_polymerization,550.0,7.5,2_4h,unknown,none,none,none,none,none,cyanamide,520_560,unknown,direct_thermal,none_or_baseline,none,bulk,Shimadzu UV2600,The study involves the synthesis of g-C3N4 with nitrogen vacancies and oxygen doping using a sonication-hydrothermal method.,success,
ndefects/ndefects_087.pdf,ndefects_087.pdf,ndefects,,2,4,CN180-4,cn180-4,defective,none,O,solvothermal_exfoliation,,,2_4h,unknown,sonication,washing and drying,nitrogen vacancy,dopant_induced,hydrothermal treatment at 180°C,cyanamide,520_560,unknown,hydro_solvothermal_pre,dopant_induced,nonmetal,bulk,Shimadzu UV2600,The study involves the synthesis of g-C3N4 with nitrogen vacancies and oxygen doping using a sonication-hydrothermal method.,success,
ndefects/ndefects_087.pdf,ndefects_087.pdf,ndefects,,3,4,CN180-8,cn180-8,defective,none,O,solvothermal_exfoliation,,,2_4h,unknown,sonication,washing and drying,nitrogen vacancy,dopant_induced,hydrothermal treatment at 180°C,cyanamide,520_560,unknown,hydro_solvothermal_pre,dopant_induced,nonmetal,bulk,Shimadzu UV2600,The study involves the synthesis of g-C3N4 with nitrogen vacancies and oxygen doping using a sonication-hydrothermal method.,success,
ndefects/ndefects_087.pdf,ndefects_087.pdf,ndefects,,4,4,CN180-12,cn180-12,defective,none,O,solvothermal_exfoliation,,,2_4h,unknown,sonication,washing and drying,nitrogen vacancy,dopant_induced,hydrothermal treatment at 180°C,cyanamide,520_560,unknown,hydro_solvothermal_pre,dopant_induced,nonmetal,bulk,Shimadzu UV2600,The study involves the synthesis of g-C3N4 with nitrogen vacancies and oxygen doping using a sonication-hydrothermal method.,success,
